Census Tract ,County ,State,percent,Opposite-sex spouse,Same-sex spouse,Opposite-sex unmarried partner,Same-sex unmarried partner,total,total same-sex
Census Tract 101,Cook County,Illinois,13.48%,408,46,157,42,653,88
Census Tract 102.01,Cook County,Illinois,8.85%,842,62,198,39,1141,101
Census Tract 102.02,Cook County,Illinois,11.16%,277,32,97,15,421,47
Census Tract 103,Cook County,Illinois,13.19%,630,67,193,58,948,125
Census Tract 104,Cook County,Illinois,13.18%,384,42,156,40,622,82
Census Tract 105.01,Cook County,Illinois,13.78%,434,49,173,48,704,97
Census Tract 105.02,Cook County,Illinois,13.83%,317,35,113,34,499,69
Census Tract 105.03,Cook County,Illinois,6.47%,226,10,63,10,309,20
Census Tract 106,Cook County,Illinois,11.99%,673,61,289,70,1093,131
Census Tract 107.01,Cook County,Illinois,10.28%,533,54,104,19,710,73
Census Tract 107.02,Cook County,Illinois,12.14%,540,42,169,56,807,98
Census Tract 201,Cook County,Illinois,6.27%,537,21,106,22,686,43
Census Tract 202,Cook County,Illinois,1.59%,1280,14,79,8,1381,22
Census Tract 203.01,Cook County,Illinois,1.63%,933,8,34,8,983,16
Census Tract 203.02,Cook County,Illinois,4.63%,779,27,87,15,908,42
Census Tract 204,Cook County,Illinois,4.97%,741,32,100,12,885,44
Census Tract 205,Cook County,Illinois,3.74%,878,17,126,22,1043,39
Census Tract 206.01,Cook County,Illinois,1.12%,1077,11,67,2,1157,13
Census Tract 206.02,Cook County,Illinois,5.02%,722,32,54,9,817,41
Census Tract 207.01,Cook County,Illinois,4.18%,356,11,34,6,407,17
Census Tract 207.02,Cook County,Illinois,2.18%,1216,18,84,11,1329,29
Census Tract 208.01,Cook County,Illinois,4.98%,855,30,119,21,1025,51
Census Tract 208.02,Cook County,Illinois,3.48%,1156,29,93,16,1294,45
Census Tract 209.01,Cook County,Illinois,3.39%,787,20,124,12,943,32
Census Tract 209.02,Cook County,Illinois,5.52%,591,13,60,25,689,38
Census Tract 301.01,Cook County,Illinois,15.48%,444,56,113,46,659,102
Census Tract 301.02,Cook County,Illinois,15.23%,373,47,100,38,558,85
Census Tract 301.03,Cook County,Illinois,14.61%,136,13,51,19,219,32
Census Tract 301.04,Cook County,Illinois,8.37%,163,13,56,7,239,20
Census Tract 302,Cook County,Illinois,17.43%,840,123,174,91,1228,214
Census Tract 303,Cook County,Illinois,9.81%,420,32,95,24,571,56
Census Tract 304,Cook County,Illinois,27.14%,328,95,80,57,560,152
Census Tract 305,Cook County,Illinois,23.78%,772,182,247,136,1337,318
Census Tract 306.01,Cook County,Illinois,14.46%,408,52,77,30,567,82
Census Tract 306.03,Cook County,Illinois,15.38%,180,30,73,16,299,46
Census Tract 306.04,Cook County,Illinois,13.46%,467,40,99,48,654,88
Census Tract 307.01,Cook County,Illinois,21.62%,120,22,54,26,222,48
Census Tract 307.02,Cook County,Illinois,13.95%,312,40,58,20,430,60
Census Tract 307.03,Cook County,Illinois,22.94%,351,61,89,70,571,131
Census Tract 307.06,Cook County,Illinois,18.53%,339,44,70,49,502,93
Census Tract 308,Cook County,Illinois,23.83%,596,122,155,113,986,235
Census Tract 309,Cook County,Illinois,22.57%,413,80,112,73,678,153
Census Tract 310,Cook County,Illinois,17.17%,548,85,190,68,891,153
Census Tract 311,Cook County,Illinois,24.63%,489,113,233,123,958,236
Census Tract 312,Cook County,Illinois,17.74%,443,79,160,51,733,130
Census Tract 313,Cook County,Illinois,14.42%,759,95,214,69,1137,164
Census Tract 314,Cook County,Illinois,16.14%,592,95,208,59,954,154
Census Tract 315.01,Cook County,Illinois,12.86%,397,32,118,44,591,76
Census Tract 315.02,Cook County,Illinois,14.80%,386,47,207,56,696,103
Census Tract 317,Cook County,Illinois,18.99%,630,108,266,102,1106,210
Census Tract 318,Cook County,Illinois,10.29%,278,22,88,20,408,42
Census Tract 319,Cook County,Illinois,8.00%,352,24,108,16,500,40
Census Tract 321,Cook County,Illinois,14.44%,762,88,322,95,1267,183
Census Tract 401,Cook County,Illinois,12.26%,597,67,147,37,848,104
Census Tract 402.01,Cook County,Illinois,5.12%,1053,38,263,33,1387,71
Census Tract 402.02,Cook County,Illinois,3.29%,1111,26,182,18,1337,44
Census Tract 403,Cook County,Illinois,4.55%,559,18,49,11,637,29
Census Tract 404.01,Cook County,Illinois,7.33%,562,35,133,20,750,55
Census Tract 404.02,Cook County,Illinois,8.45%,689,45,297,46,1077,91
Census Tract 406,Cook County,Illinois,6.23%,398,18,114,16,546,34
Census Tract 407,Cook County,Illinois,4.66%,610,17,147,20,794,37
Census Tract 408,Cook County,Illinois,4.82%,281,9,94,10,394,19
Census Tract 409,Cook County,Illinois,5.87%,292,12,109,13,426,25
Census Tract 501,Cook County,Illinois,4.05%,422,13,147,11,593,24
Census Tract 502,Cook County,Illinois,3.03%,990,26,164,10,1190,36
Census Tract 503,Cook County,Illinois,3.99%,518,12,84,13,627,25
Census Tract 505,Cook County,Illinois,3.52%,995,16,155,26,1192,42
Census Tract 506,Cook County,Illinois,5.13%,426,11,129,19,585,30
Census Tract 507,Cook County,Illinois,3.54%,308,7,74,7,396,14
Census Tract 508,Cook County,Illinois,2.89%,267,3,35,6,311,9
Census Tract 509,Cook County,Illinois,1.24%,250,3,69,1,323,4
Census Tract 510,Cook County,Illinois,1.68%,292,5,60,1,358,6
Census Tract 511,Cook County,Illinois,4.74%,322,16,60,3,401,19
Census Tract 512,Cook County,Illinois,2.91%,269,5,65,5,344,10
Census Tract 513,Cook County,Illinois,2.93%,617,11,78,10,716,21
Census Tract 514,Cook County,Illinois,3.50%,411,7,113,12,543,19
Census Tract 601,Cook County,Illinois,4.29%,471,15,154,13,653,28
Census Tract 602,Cook County,Illinois,6.81%,350,22,115,12,499,34
Census Tract 603,Cook County,Illinois,3.49%,554,16,109,8,687,24
Census Tract 604,Cook County,Illinois,4.05%,668,16,137,18,839,34
Census Tract 605,Cook County,Illinois,5.13%,186,4,36,8,234,12
Census Tract 608,Cook County,Illinois,14.71%,567,83,245,57,952,140
Census Tract 609,Cook County,Illinois,15.76%,739,91,293,102,1225,193
Census Tract 610,Cook County,Illinois,21.57%,211,46,98,39,394,85
Census Tract 611,Cook County,Illinois,4.21%,140,2,65,7,214,9
Census Tract 612,Cook County,Illinois,5.00%,231,9,73,7,320,16
Census Tract 615,Cook County,Illinois,5.78%,230,10,96,10,346,20
Census Tract 618,Cook County,Illinois,24.31%,81,18,56,26,181,44
Census Tract 619.01,Cook County,Illinois,14.52%,352,45,160,42,599,87
Census Tract 619.02,Cook County,Illinois,12.91%,592,66,224,55,937,121
Census Tract 620,Cook County,Illinois,18.44%,301,54,137,45,537,99
Census Tract 621,Cook County,Illinois,19.12%,352,69,181,57,659,126
Census Tract 622,Cook County,Illinois,5.99%,444,19,152,19,634,38
Census Tract 623,Cook County,Illinois,5.66%,276,8,74,13,371,21
Census Tract 624,Cook County,Illinois,6.72%,268,13,65,11,357,24
Census Tract 625,Cook County,Illinois,8.05%,259,14,61,14,348,28
Census Tract 626,Cook County,Illinois,3.85%,477,13,72,9,571,22
Census Tract 627,Cook County,Illinois,4.91%,464,21,117,9,611,30
Census Tract 628,Cook County,Illinois,3.65%,637,17,154,13,821,30
Census Tract 629,Cook County,Illinois,5.67%,570,19,178,26,793,45
Census Tract 630,Cook County,Illinois,5.54%,351,15,246,20,632,35
Census Tract 631,Cook County,Illinois,13.25%,259,28,134,32,453,60
Census Tract 632,Cook County,Illinois,9.63%,841,56,294,65,1256,121
Census Tract 633.01,Cook County,Illinois,8.63%,220,13,161,23,417,36
Census Tract 633.02,Cook County,Illinois,6.96%,494,28,241,27,790,55
Census Tract 633.03,Cook County,Illinois,7.56%,171,8,37,9,225,17
Census Tract 634,Cook County,Illinois,8.65%,280,18,100,18,416,36
Census Tract 701.01,Cook County,Illinois,3.13%,527,14,185,9,735,23
Census Tract 701.02,Cook County,Illinois,2.64%,385,4,168,11,568,15
Census Tract 701.03,Cook County,Illinois,4.89%,123,5,91,6,225,11
Census Tract 702,Cook County,Illinois,3.71%,485,12,164,13,674,25
Census Tract 703,Cook County,Illinois,4.55%,554,19,201,17,791,36
Census Tract 704,Cook County,Illinois,2.38%,507,6,108,9,630,15
Census Tract 705,Cook County,Illinois,3.23%,556,12,103,10,681,22
Census Tract 706,Cook County,Illinois,2.74%,689,16,93,6,804,22
Census Tract 707,Cook County,Illinois,2.46%,648,12,145,8,813,20
Census Tract 710,Cook County,Illinois,1.00%,418,3,75,2,498,5
Census Tract 711,Cook County,Illinois,2.21%,363,4,80,6,453,10
Census Tract 712,Cook County,Illinois,5.16%,400,9,188,23,620,32
Census Tract 713,Cook County,Illinois,1.69%,638,5,176,9,828,14
Census Tract 714,Cook County,Illinois,3.64%,645,21,228,12,906,33
Census Tract 715,Cook County,Illinois,3.03%,772,12,349,23,1156,35
Census Tract 716,Cook County,Illinois,1.22%,359,3,45,2,409,5
Census Tract 717,Cook County,Illinois,3.62%,308,11,65,3,387,14
Census Tract 718,Cook County,Illinois,1.41%,492,6,66,2,566,8
Census Tract 801,Cook County,Illinois,3.92%,1151,36,222,20,1429,56
Census Tract 802.01,Cook County,Illinois,4.31%,470,15,130,12,627,27
Census Tract 802.02,Cook County,Illinois,5.62%,520,22,185,20,747,42
Census Tract 803,Cook County,Illinois,3.51%,622,15,368,21,1026,36
Census Tract 804,Cook County,Illinois,5.66%,359,18,124,11,512,29
Census Tract 810,Cook County,Illinois,5.39%,656,35,363,23,1077,58
Census Tract 811,Cook County,Illinois,4.77%,400,8,159,20,587,28
Census Tract 812.01,Cook County,Illinois,3.59%,800,18,167,18,1003,36
Census Tract 812.02,Cook County,Illinois,3.83%,717,22,86,10,835,32
Census Tract 813,Cook County,Illinois,5.83%,956,47,142,21,1166,68
Census Tract 814.01,Cook County,Illinois,2.33%,374,7,88,4,473,11
Census Tract 814.02,Cook County,Illinois,3.65%,1287,25,323,36,1671,61
Census Tract 814.03,Cook County,Illinois,4.41%,1583,42,518,55,2198,97
Census Tract 815,Cook County,Illinois,4.65%,1037,21,276,43,1377,64
Census Tract 816,Cook County,Illinois,4.59%,525,18,265,20,828,38
Census Tract 817,Cook County,Illinois,3.50%,529,19,409,15,972,34
Census Tract 818,Cook County,Illinois,4.10%,1580,47,921,60,2608,107
Census Tract 819,Cook County,Illinois,6.71%,175,8,103,12,298,20
Census Tract 901,Cook County,Illinois,0.71%,774,4,60,2,840,6
Census Tract 902,Cook County,Illinois,1.42%,1305,13,149,8,1475,21
Census Tract 903,Cook County,Illinois,1.28%,282,0,26,4,312,4
Census Tract 1001,Cook County,Illinois,0.97%,1000,10,126,1,1137,11
Census Tract 1002,Cook County,Illinois,1.36%,1309,13,144,7,1473,20
Census Tract 1003,Cook County,Illinois,1.19%,1176,10,71,5,1262,15
Census Tract 1004,Cook County,Illinois,0.26%,734,1,45,1,781,2
Census Tract 1005,Cook County,Illinois,1.38%,1267,6,89,13,1375,19
Census Tract 1006,Cook County,Illinois,1.12%,969,9,90,3,1071,12
Census Tract 1007,Cook County,Illinois,1.19%,1015,9,62,4,1090,13
Census Tract 1101,Cook County,Illinois,2.26%,1007,22,115,4,1148,26
Census Tract 1102,Cook County,Illinois,2.70%,468,13,73,2,556,15
Census Tract 1103,Cook County,Illinois,1.91%,1028,17,99,5,1149,22
Census Tract 1104,Cook County,Illinois,2.54%,781,14,100,9,904,23
Census Tract 1105.01,Cook County,Illinois,1.40%,891,12,94,2,999,14
Census Tract 1105.02,Cook County,Illinois,3.53%,522,17,106,6,651,23
Census Tract 1201,Cook County,Illinois,1.74%,1048,17,25,2,1092,19
Census Tract 1202,Cook County,Illinois,1.14%,1074,8,58,5,1145,13
Census Tract 1203,Cook County,Illinois,1.82%,1561,21,54,9,1645,30
Census Tract 1204,Cook County,Illinois,3.14%,670,19,70,5,764,24
Census Tract 1301,Cook County,Illinois,1.85%,919,10,34,8,971,18
Census Tract 1302,Cook County,Illinois,3.28%,274,4,21,6,305,10
Census Tract 1303,Cook County,Illinois,3.24%,888,18,68,14,988,32
Census Tract 1401,Cook County,Illinois,4.50%,447,11,126,16,600,27
Census Tract 1402,Cook County,Illinois,4.38%,622,24,164,12,822,36
Census Tract 1403.01,Cook County,Illinois,1.86%,396,7,79,2,484,9
Census Tract 1403.02,Cook County,Illinois,4.18%,568,17,97,12,694,29
Census Tract 1404,Cook County,Illinois,2.45%,1108,24,124,7,1263,31
Census Tract 1405,Cook County,Illinois,3.70%,517,19,81,4,621,23
Census Tract 1406.01,Cook County,Illinois,3.48%,375,7,41,8,431,15
Census Tract 1406.02,Cook County,Illinois,4.61%,643,30,144,8,825,38
Census Tract 1407.01,Cook County,Illinois,5.98%,356,9,84,19,468,28
Census Tract 1407.02,Cook County,Illinois,4.94%,753,27,189,22,991,49
Census Tract 1408,Cook County,Illinois,5.93%,1064,47,237,35,1383,82
Census Tract 1502,Cook County,Illinois,3.37%,1180,33,226,16,1455,49
Census Tract 1503,Cook County,Illinois,2.46%,1208,25,177,10,1420,35
Census Tract 1504.01,Cook County,Illinois,2.71%,778,17,82,7,884,24
Census Tract 1504.02,Cook County,Illinois,2.47%,640,15,71,3,729,18
Census Tract 1505.01,Cook County,Illinois,1.79%,692,12,78,2,784,14
Census Tract 1505.02,Cook County,Illinois,1.78%,669,7,103,7,786,14
Census Tract 1506,Cook County,Illinois,3.47%,598,17,97,8,720,25
Census Tract 1507,Cook County,Illinois,2.85%,730,17,89,7,843,24
Census Tract 1508,Cook County,Illinois,2.13%,738,11,136,8,893,19
Census Tract 1510.01,Cook County,Illinois,2.19%,381,7,66,3,457,10
Census Tract 1510.02,Cook County,Illinois,2.36%,576,9,126,8,719,17
Census Tract 1511,Cook County,Illinois,2.05%,736,11,124,7,878,18
Census Tract 1512,Cook County,Illinois,3.30%,630,20,74,4,728,24
Census Tract 1601,Cook County,Illinois,4.04%,422,10,53,10,495,20
Census Tract 1602,Cook County,Illinois,3.49%,611,16,81,9,717,25
Census Tract 1603,Cook County,Illinois,6.03%,493,31,162,11,697,42
Census Tract 1604,Cook County,Illinois,4.49%,726,21,168,21,936,42
Census Tract 1605.01,Cook County,Illinois,3.36%,514,11,118,11,654,22
Census Tract 1605.02,Cook County,Illinois,4.03%,471,15,125,10,621,25
Census Tract 1606.01,Cook County,Illinois,4.41%,529,17,122,13,681,30
Census Tract 1606.02,Cook County,Illinois,5.41%,532,24,132,14,702,38
Census Tract 1607,Cook County,Illinois,3.45%,903,23,188,16,1130,39
Census Tract 1608,Cook County,Illinois,3.62%,701,21,178,12,912,33
Census Tract 1609,Cook County,Illinois,4.90%,423,17,82,9,531,26
Census Tract 1610,Cook County,Illinois,2.25%,326,7,65,2,400,9
Census Tract 1611,Cook County,Illinois,3.64%,407,10,43,7,467,17
Census Tract 1612,Cook County,Illinois,2.09%,439,8,76,3,526,11
Census Tract 1613,Cook County,Illinois,4.41%,490,13,160,17,680,30
Census Tract 1701,Cook County,Illinois,1.08%,328,3,37,1,369,4
Census Tract 1702,Cook County,Illinois,1.20%,669,6,74,3,752,9
Census Tract 1703,Cook County,Illinois,1.17%,909,9,101,3,1022,12
Census Tract 1704,Cook County,Illinois,2.22%,759,12,79,7,857,19
Census Tract 1705,Cook County,Illinois,1.34%,999,9,102,6,1116,15
Census Tract 1706,Cook County,Illinois,0.55%,492,0,49,3,544,3
Census Tract 1707,Cook County,Illinois,1.16%,539,6,56,1,602,7
Census Tract 1708,Cook County,Illinois,1.43%,687,11,73,0,771,11
Census Tract 1709,Cook County,Illinois,1.53%,288,3,33,2,326,5
Census Tract 1710,Cook County,Illinois,1.38%,1301,14,131,6,1452,20
Census Tract 1711,Cook County,Illinois,2.39%,687,16,88,3,794,19
Census Tract 1801,Cook County,Illinois,2.10%,1051,19,160,7,1237,26
Census Tract 1901,Cook County,Illinois,2.49%,278,4,74,5,361,9
Census Tract 1902,Cook County,Illinois,1.47%,754,8,120,5,887,13
Census Tract 1903,Cook County,Illinois,2.28%,772,16,128,5,921,21
Census Tract 1904.01,Cook County,Illinois,1.62%,656,7,75,5,743,12
Census Tract 1904.02,Cook County,Illinois,2.02%,750,10,125,8,893,18
Census Tract 1906.01,Cook County,Illinois,1.52%,560,7,86,3,656,10
Census Tract 1906.02,Cook County,Illinois,2.03%,713,14,109,3,839,17
Census Tract 1907.01,Cook County,Illinois,1.12%,371,4,71,1,447,5
Census Tract 1907.02,Cook County,Illinois,1.83%,620,10,129,4,763,14
Census Tract 1908,Cook County,Illinois,2.57%,860,15,165,12,1052,27
Census Tract 1909,Cook County,Illinois,1.98%,245,5,52,1,303,6
Census Tract 1910,Cook County,Illinois,0.52%,314,2,72,0,388,2
Census Tract 1911,Cook County,Illinois,2.21%,928,19,177,6,1130,25
Census Tract 1912,Cook County,Illinois,2.22%,462,5,111,8,586,13
Census Tract 1913.01,Cook County,Illinois,1.63%,621,8,103,4,736,12
Census Tract 1913.02,Cook County,Illinois,1.50%,590,9,133,2,734,11
Census Tract 2001,Cook County,Illinois,3.13%,541,8,141,14,704,22
Census Tract 2002,Cook County,Illinois,2.08%,630,6,169,11,816,17
Census Tract 2003,Cook County,Illinois,2.61%,243,3,56,5,307,8
Census Tract 2004.01,Cook County,Illinois,2.30%,472,7,79,6,564,13
Census Tract 2004.02,Cook County,Illinois,1.90%,566,13,104,0,683,13
Census Tract 2101,Cook County,Illinois,3.61%,654,20,174,11,859,31
Census Tract 2104,Cook County,Illinois,4.02%,363,10,114,10,497,20
Census Tract 2105.01,Cook County,Illinois,3.69%,404,9,170,13,596,22
Census Tract 2105.02,Cook County,Illinois,1.52%,500,5,215,6,726,11
Census Tract 2106.01,Cook County,Illinois,2.09%,361,3,107,7,478,10
Census Tract 2106.02,Cook County,Illinois,4.05%,472,14,192,14,692,28
Census Tract 2107,Cook County,Illinois,3.01%,521,12,188,10,731,22
Census Tract 2108,Cook County,Illinois,0.52%,145,1,47,0,193,1
Census Tract 2109,Cook County,Illinois,3.69%,499,13,154,12,678,25
Census Tract 2203,Cook County,Illinois,5.16%,299,11,142,13,465,24
Census Tract 2204,Cook County,Illinois,5.38%,349,10,161,19,539,29
Census Tract 2205,Cook County,Illinois,4.13%,341,7,193,16,557,23
Census Tract 2206.01,Cook County,Illinois,6.13%,230,9,61,10,310,19
Census Tract 2206.02,Cook County,Illinois,5.48%,496,20,246,23,785,43
Census Tract 2207.01,Cook County,Illinois,4.18%,382,8,122,14,526,22
Census Tract 2207.02,Cook County,Illinois,5.00%,450,9,177,24,660,33
Census Tract 2209.01,Cook County,Illinois,4.75%,323,12,98,9,442,21
Census Tract 2209.02,Cook County,Illinois,3.68%,394,10,103,9,516,19
Census Tract 2210,Cook County,Illinois,5.58%,263,8,126,15,412,23
Census Tract 2211,Cook County,Illinois,4.59%,465,8,241,26,740,34
Census Tract 2212,Cook County,Illinois,6.17%,371,16,192,21,600,37
Census Tract 2213,Cook County,Illinois,2.82%,366,7,185,9,567,16
Census Tract 2214,Cook County,Illinois,3.75%,444,4,224,22,694,26
Census Tract 2215,Cook County,Illinois,2.60%,377,3,148,11,539,14
Census Tract 2216,Cook County,Illinois,4.03%,538,19,176,11,744,30
Census Tract 2222,Cook County,Illinois,3.67%,349,8,123,10,490,18
Census Tract 2225,Cook County,Illinois,1.82%,193,5,76,0,274,5
Census Tract 2226,Cook County,Illinois,6.99%,160,7,106,13,286,20
Census Tract 2227,Cook County,Illinois,4.22%,215,8,103,6,332,14
Census Tract 2228,Cook County,Illinois,6.79%,101,5,50,6,162,11
Census Tract 2229,Cook County,Illinois,5.59%,136,5,33,5,179,10
Census Tract 2301,Cook County,Illinois,7.31%,166,8,75,11,260,19
Census Tract 2302,Cook County,Illinois,4.26%,209,10,83,3,305,13
Census Tract 2303,Cook County,Illinois,3.70%,100,4,30,1,135,5
Census Tract 2304,Cook County,Illinois,3.51%,290,6,67,7,370,13
Census Tract 2305,Cook County,Illinois,2.86%,359,11,83,2,455,13
Census Tract 2306,Cook County,Illinois,3.34%,682,13,185,17,897,30
Census Tract 2307,Cook County,Illinois,3.56%,742,19,178,15,954,34
Census Tract 2308,Cook County,Illinois,2.59%,161,3,27,2,193,5
Census Tract 2309,Cook County,Illinois,4.68%,494,21,239,15,769,36
Census Tract 2311,Cook County,Illinois,4.90%,92,6,44,1,143,7
Census Tract 2312,Cook County,Illinois,3.02%,431,11,211,9,662,20
Census Tract 2315,Cook County,Illinois,5.27%,321,15,182,13,531,28
Census Tract 2402,Cook County,Illinois,4.20%,256,8,86,7,357,15
Census Tract 2403,Cook County,Illinois,4.23%,221,8,73,5,307,13
Census Tract 2405,Cook County,Illinois,4.81%,448,13,185,19,665,32
Census Tract 2406,Cook County,Illinois,4.40%,225,11,101,4,341,15
Census Tract 2407,Cook County,Illinois,2.88%,203,5,67,3,278,8
Census Tract 2408,Cook County,Illinois,3.39%,202,5,83,5,295,10
Census Tract 2409,Cook County,Illinois,7.53%,116,9,56,5,186,14
Census Tract 2410,Cook County,Illinois,6.10%,192,7,116,13,328,20
Census Tract 2411,Cook County,Illinois,3.13%,365,3,253,17,638,20
Census Tract 2412,Cook County,Illinois,4.91%,238,9,91,8,346,17
Census Tract 2413,Cook County,Illinois,2.05%,233,6,101,1,341,7
Census Tract 2414,Cook County,Illinois,2.78%,718,14,332,16,1080,30
Census Tract 2415,Cook County,Illinois,2.41%,423,3,185,12,623,15
Census Tract 2416,Cook County,Illinois,3.43%,360,10,259,12,641,22
Census Tract 2420,Cook County,Illinois,2.98%,539,9,274,16,838,25
Census Tract 2421,Cook County,Illinois,3.42%,607,12,297,20,936,32
Census Tract 2422,Cook County,Illinois,3.20%,609,9,328,22,968,31
Census Tract 2423,Cook County,Illinois,3.70%,543,8,237,22,810,30
Census Tract 2424,Cook County,Illinois,3.10%,406,10,187,9,612,19
Census Tract 2425,Cook County,Illinois,3.38%,479,8,207,16,710,24
Census Tract 2426,Cook County,Illinois,4.43%,672,25,342,22,1061,47
Census Tract 2427,Cook County,Illinois,3.79%,232,5,73,7,317,12
Census Tract 2428,Cook County,Illinois,2.05%,268,4,66,3,341,7
Census Tract 2429,Cook County,Illinois,4.10%,295,8,103,9,415,17
Census Tract 2430,Cook County,Illinois,2.51%,367,6,137,7,517,13
Census Tract 2431,Cook County,Illinois,3.38%,359,8,99,8,474,16
Census Tract 2432,Cook County,Illinois,4.66%,378,8,113,16,515,24
Census Tract 2433,Cook County,Illinois,5.05%,345,19,163,8,535,27
Census Tract 2434,Cook County,Illinois,4.31%,359,11,196,14,580,25
Census Tract 2435,Cook County,Illinois,3.97%,644,11,373,31,1059,42
Census Tract 2502,Cook County,Illinois,1.49%,311,2,86,4,403,6
Census Tract 2503,Cook County,Illinois,2.13%,462,6,134,7,609,13
Census Tract 2504,Cook County,Illinois,1.58%,556,8,131,3,698,11
Census Tract 2505,Cook County,Illinois,2.65%,1314,28,155,12,1509,40
Census Tract 2506,Cook County,Illinois,3.41%,404,12,77,5,498,17
Census Tract 2507,Cook County,Illinois,2.17%,443,8,144,5,600,13
Census Tract 2508,Cook County,Illinois,1.79%,218,3,57,2,280,5
Census Tract 2510,Cook County,Illinois,7.02%,76,3,30,5,114,8
Census Tract 2511,Cook County,Illinois,2.78%,320,8,99,4,431,12
Census Tract 2512,Cook County,Illinois,1.41%,345,4,75,2,426,6
Census Tract 2513,Cook County,Illinois,2.76%,363,9,131,5,508,14
Census Tract 2514,Cook County,Illinois,2.38%,297,6,114,4,421,10
Census Tract 2515,Cook County,Illinois,2.72%,254,4,139,7,404,11
Census Tract 2516,Cook County,Illinois,0.87%,227,0,115,3,345,3
Census Tract 2517,Cook County,Illinois,2.78%,101,1,39,3,144,4
Census Tract 2518,Cook County,Illinois,2.73%,275,5,153,7,440,12
Census Tract 2519,Cook County,Illinois,5.12%,235,11,210,13,469,24
Census Tract 2520,Cook County,Illinois,3.91%,287,3,180,16,486,19
Census Tract 2521.01,Cook County,Illinois,4.14%,77,6,62,0,145,6
Census Tract 2521.02,Cook County,Illinois,3.35%,361,9,187,10,567,19
Census Tract 2522.01,Cook County,Illinois,1.61%,159,2,85,2,248,4
Census Tract 2522.02,Cook County,Illinois,2.37%,215,5,115,3,338,8
Census Tract 2601,Cook County,Illinois,0.84%,77,1,41,0,119,1
Census Tract 2602,Cook County,Illinois,3.30%,57,1,31,2,91,3
Census Tract 2603,Cook County,Illinois,4.17%,76,1,39,4,120,5
Census Tract 2604,Cook County,Illinois,3.25%,72,1,47,3,123,4
Census Tract 2605,Cook County,Illinois,0.65%,87,1,67,0,155,1
Census Tract 2606,Cook County,Illinois,6.21%,96,4,55,6,161,10
Census Tract 2607,Cook County,Illinois,2.42%,79,2,42,1,124,3
Census Tract 2608,Cook County,Illinois,2.67%,119,3,63,2,187,5
Census Tract 2609,Cook County,Illinois,5.41%,66,0,39,6,111,6
Census Tract 2610,Cook County,Illinois,2.05%,143,1,48,3,195,4
Census Tract 2705,Cook County,Illinois,0.88%,67,1,45,0,113,1
Census Tract 2712,Cook County,Illinois,9.00%,58,4,33,5,100,9
Census Tract 2713,Cook County,Illinois,4.05%,49,1,22,2,74,3
Census Tract 2714,Cook County,Illinois,3.60%,68,2,39,2,111,4
Census Tract 2715,Cook County,Illinois,1.68%,90,1,27,1,119,2
Census Tract 2718,Cook County,Illinois,2.70%,56,2,16,0,74,2
Census Tract 2801,Cook County,Illinois,3.52%,1061,31,640,31,1763,62
Census Tract 2804,Cook County,Illinois,6.25%,62,6,28,0,96,6
Census Tract 2808,Cook County,Illinois,7.79%,47,5,24,1,77,6
Census Tract 2809,Cook County,Illinois,5.38%,67,2,21,3,93,5
Census Tract 2819,Cook County,Illinois,4.43%,949,33,453,32,1467,65
Census Tract 2827,Cook County,Illinois,3.29%,267,6,86,6,365,12
Census Tract 2828,Cook County,Illinois,6.59%,190,7,51,10,258,17
Census Tract 2831,Cook County,Illinois,2.77%,220,6,96,3,325,9
Census Tract 2832,Cook County,Illinois,1.77%,183,2,39,2,226,4
Census Tract 2838,Cook County,Illinois,4.76%,380,18,120,7,525,25
Census Tract 2909,Cook County,Illinois,5.11%,216,9,118,9,352,18
Census Tract 2912,Cook County,Illinois,5.56%,73,5,63,3,144,8
Census Tract 2916,Cook County,Illinois,4.41%,104,1,26,5,136,6
Census Tract 2922,Cook County,Illinois,4.81%,185,7,72,6,270,13
Census Tract 2924,Cook County,Illinois,5.95%,122,6,52,5,185,11
Census Tract 2925,Cook County,Illinois,3.05%,272,4,110,8,394,12
Census Tract 3005,Cook County,Illinois,1.60%,383,4,109,4,500,8
Census Tract 3006,Cook County,Illinois,2.62%,324,6,85,5,420,11
Census Tract 3007,Cook County,Illinois,1.96%,497,10,152,3,662,13
Census Tract 3008,Cook County,Illinois,1.49%,486,6,109,3,604,9
Census Tract 3009,Cook County,Illinois,2.68%,531,13,159,6,709,19
Census Tract 3011,Cook County,Illinois,0.32%,235,0,78,1,314,1
Census Tract 3012,Cook County,Illinois,2.78%,415,7,110,8,540,15
Census Tract 3016,Cook County,Illinois,0.83%,584,1,130,5,720,6
Census Tract 3017.01,Cook County,Illinois,1.21%,550,6,102,2,660,8
Census Tract 3017.02,Cook County,Illinois,1.29%,518,3,96,5,622,8
Census Tract 3018.01,Cook County,Illinois,0.62%,539,2,105,2,648,4
Census Tract 3018.02,Cook County,Illinois,2.58%,410,6,80,7,503,13
Census Tract 3018.03,Cook County,Illinois,1.30%,632,9,127,1,769,10
Census Tract 3102,Cook County,Illinois,5.94%,189,7,96,11,303,18
Census Tract 3103,Cook County,Illinois,3.96%,214,2,77,10,303,12
Census Tract 3104,Cook County,Illinois,2.99%,150,3,77,4,234,7
Census Tract 3105,Cook County,Illinois,4.17%,160,3,70,7,240,10
Census Tract 3106,Cook County,Illinois,5.25%,499,18,259,24,800,42
Census Tract 3107,Cook County,Illinois,3.76%,142,4,63,4,213,8
Census Tract 3108,Cook County,Illinois,2.95%,484,8,174,12,678,20
Census Tract 3109,Cook County,Illinois,2.76%,526,5,178,15,724,20
Census Tract 3201.01,Cook County,Illinois,4.25%,1809,68,377,29,2283,97
Census Tract 3201.02,Cook County,Illinois,6.76%,669,37,227,28,961,65
Census Tract 3204,Cook County,Illinois,5.34%,346,14,44,8,412,22
Census Tract 3206,Cook County,Illinois,5.01%,864,43,350,21,1278,64
Census Tract 3301.01,Cook County,Illinois,3.53%,1075,23,128,21,1247,44
Census Tract 3301.02,Cook County,Illinois,5.12%,1731,59,623,68,2481,127
Census Tract 3301.03,Cook County,Illinois,5.20%,1117,46,360,35,1558,81
Census Tract 3302,Cook County,Illinois,2.85%,737,15,80,9,841,24
Census Tract 3403,Cook County,Illinois,0.88%,319,0,20,3,342,3
Census Tract 3404,Cook County,Illinois,1.25%,286,0,31,4,321,4
Census Tract 3405,Cook County,Illinois,2.62%,304,3,31,6,344,9
Census Tract 3406,Cook County,Illinois,4.08%,28,1,19,1,49,2
Census Tract 3501,Cook County,Illinois,4.37%,154,1,65,9,229,10
Census Tract 3504,Cook County,Illinois,1.49%,31,0,35,1,67,1
Census Tract 3510,Cook County,Illinois,4.83%,266,9,89,9,373,18
Census Tract 3511,Cook County,Illinois,2.06%,55,1,40,1,97,2
Census Tract 3514,Cook County,Illinois,1.18%,56,0,28,1,85,1
Census Tract 3515,Cook County,Illinois,5.33%,53,0,18,4,75,4
Census Tract 3602,Cook County,Illinois,3.85%,73,0,27,4,104,4
Census Tract 3801,Cook County,Illinois,3.81%,163,5,39,3,210,8
Census Tract 3802,Cook County,Illinois,5.64%,158,7,26,4,195,11
Census Tract 3806,Cook County,Illinois,3.99%,210,8,103,5,326,13
Census Tract 3812,Cook County,Illinois,5.00%,150,9,40,1,200,10
Census Tract 3814,Cook County,Illinois,3.33%,94,1,51,4,150,5
Census Tract 3815,Cook County,Illinois,10.87%,27,3,14,2,46,5
Census Tract 3817,Cook County,Illinois,#DIV/0!,0,0,0,0,0,0
Census Tract 3818,Cook County,Illinois,6.00%,93,4,48,5,150,9
Census Tract 3819,Cook County,Illinois,6.67%,90,4,22,4,120,8
Census Tract 3901,Cook County,Illinois,9.78%,175,13,28,9,225,22
Census Tract 3902,Cook County,Illinois,5.99%,193,9,58,7,267,16
Census Tract 3903,Cook County,Illinois,3.29%,153,4,53,3,213,7
Census Tract 3904,Cook County,Illinois,4.53%,185,4,68,8,265,12
Census Tract 3905,Cook County,Illinois,7.39%,211,11,52,10,284,21
Census Tract 3906,Cook County,Illinois,0.57%,318,0,32,2,352,2
Census Tract 3907,Cook County,Illinois,4.34%,642,14,152,22,830,36
Census Tract 4003,Cook County,Illinois,8.70%,73,4,32,6,115,10
Census Tract 4004,Cook County,Illinois,3.36%,78,0,66,5,149,5
Census Tract 4005,Cook County,Illinois,2.34%,126,2,83,3,214,5
Census Tract 4008,Cook County,Illinois,1.38%,113,3,101,0,217,3
Census Tract 4101,Cook County,Illinois,5.88%,211,7,77,11,306,18
Census Tract 4102,Cook County,Illinois,4.24%,101,0,57,7,165,7
Census Tract 4105,Cook County,Illinois,3.65%,260,3,83,10,356,13
Census Tract 4106,Cook County,Illinois,5.00%,239,9,46,6,300,15
Census Tract 4107,Cook County,Illinois,4.62%,275,13,76,4,368,17
Census Tract 4108,Cook County,Illinois,2.77%,335,4,86,8,433,12
Census Tract 4109,Cook County,Illinois,4.17%,486,11,135,16,648,27
Census Tract 4110,Cook County,Illinois,4.55%,431,15,115,11,572,26
Census Tract 4111,Cook County,Illinois,2.91%,371,8,29,4,412,12
Census Tract 4112,Cook County,Illinois,3.57%,282,8,42,4,336,12
Census Tract 4201,Cook County,Illinois,9.17%,70,3,29,7,109,10
Census Tract 4202,Cook County,Illinois,2.16%,102,2,34,1,139,3
Census Tract 4203,Cook County,Illinois,3.91%,122,1,50,6,179,7
Census Tract 4204,Cook County,Illinois,8.77%,124,5,32,10,171,15
Census Tract 4205,Cook County,Illinois,3.63%,130,2,56,5,193,7
Census Tract 4206,Cook County,Illinois,5.24%,121,1,60,9,191,10
Census Tract 4207,Cook County,Illinois,6.28%,134,11,90,4,239,15
Census Tract 4208,Cook County,Illinois,8.16%,126,8,54,8,196,16
Census Tract 4212,Cook County,Illinois,8.41%,72,3,26,6,107,9
Census Tract 4301.01,Cook County,Illinois,6.54%,213,11,130,13,367,24
Census Tract 4301.02,Cook County,Illinois,7.09%,150,8,86,10,254,18
Census Tract 4302,Cook County,Illinois,4.66%,333,15,138,8,494,23
Census Tract 4303,Cook County,Illinois,4.08%,122,2,66,6,196,8
Census Tract 4304,Cook County,Illinois,3.38%,176,1,53,7,237,8
Census Tract 4305,Cook County,Illinois,4.13%,184,7,118,6,315,13
Census Tract 4306,Cook County,Illinois,6.35%,141,8,36,4,189,12
Census Tract 4307,Cook County,Illinois,5.13%,128,7,57,3,195,10
Census Tract 4308,Cook County,Illinois,3.93%,170,7,50,2,229,9
Census Tract 4309,Cook County,Illinois,5.68%,134,5,32,5,176,10
Census Tract 4312,Cook County,Illinois,6.79%,250,11,52,11,324,22
Census Tract 4313.01,Cook County,Illinois,5.97%,193,1,122,19,335,20
Census Tract 4313.02,Cook County,Illinois,7.69%,173,10,187,20,390,30
Census Tract 4314,Cook County,Illinois,2.64%,368,5,186,10,569,15
Census Tract 4401.01,Cook County,Illinois,6.68%,171,8,178,17,374,25
Census Tract 4401.02,Cook County,Illinois,5.87%,226,7,111,14,358,21
Census Tract 4402.01,Cook County,Illinois,3.32%,285,7,152,8,452,15
Census Tract 4402.02,Cook County,Illinois,2.97%,254,0,73,10,337,10
Census Tract 4403,Cook County,Illinois,1.34%,484,1,104,7,596,8
Census Tract 4406,Cook County,Illinois,1.94%,218,2,35,3,258,5
Census Tract 4407,Cook County,Illinois,3.18%,122,2,30,3,157,5
Census Tract 4408,Cook County,Illinois,6.00%,89,5,52,4,150,9
Census Tract 4409,Cook County,Illinois,5.75%,159,5,54,8,226,13
Census Tract 4503,Cook County,Illinois,2.62%,298,6,74,4,382,10
Census Tract 4601,Cook County,Illinois,6.23%,206,9,80,10,305,19
Census Tract 4602,Cook County,Illinois,1.81%,165,0,52,4,221,4
Census Tract 4603.01,Cook County,Illinois,3.60%,247,10,74,2,333,12
Census Tract 4603.02,Cook County,Illinois,2.59%,231,6,108,3,348,9
Census Tract 4604,Cook County,Illinois,3.09%,272,7,73,4,356,11
Census Tract 4605,Cook County,Illinois,2.09%,457,5,106,7,575,12
Census Tract 4608,Cook County,Illinois,0.87%,260,2,83,1,346,3
Census Tract 4610,Cook County,Illinois,5.56%,66,5,19,0,90,5
Census Tract 4701,Cook County,Illinois,1.54%,208,3,47,1,259,4
Census Tract 4801,Cook County,Illinois,1.61%,211,4,34,0,249,4
Census Tract 4802,Cook County,Illinois,0.88%,96,0,17,1,114,1
Census Tract 4803,Cook County,Illinois,3.80%,124,4,28,2,158,6
Census Tract 4804,Cook County,Illinois,1.55%,677,9,87,3,776,12
Census Tract 4805,Cook County,Illinois,1.93%,288,5,68,2,363,7
Census Tract 4902,Cook County,Illinois,1.70%,286,5,61,1,353,6
Census Tract 4905,Cook County,Illinois,2.48%,170,3,27,2,202,5
Census Tract 4906,Cook County,Illinois,1.69%,146,2,28,1,177,3
Census Tract 4907,Cook County,Illinois,2.25%,202,5,59,1,267,6
Census Tract 4908,Cook County,Illinois,2.69%,292,8,70,2,372,10
Census Tract 4909.01,Cook County,Illinois,2.83%,244,2,99,8,353,10
Census Tract 4909.02,Cook County,Illinois,1.38%,398,4,102,3,507,7
Census Tract 4910,Cook County,Illinois,2.22%,217,3,91,4,315,7
Census Tract 4911,Cook County,Illinois,1.65%,417,5,61,3,486,8
Census Tract 4912,Cook County,Illinois,2.20%,192,3,30,2,227,5
Census Tract 4913,Cook County,Illinois,3.68%,114,2,43,4,163,6
Census Tract 4914,Cook County,Illinois,0.85%,162,0,72,2,236,2
Census Tract 5001,Cook County,Illinois,2.43%,299,8,63,1,371,9
Census Tract 5002,Cook County,Illinois,4.41%,89,6,41,0,136,6
Census Tract 5003,Cook County,Illinois,2.51%,178,3,55,3,239,6
Census Tract 5101,Cook County,Illinois,2.39%,426,6,65,6,503,12
Census Tract 5102,Cook County,Illinois,0.83%,297,2,60,1,360,3
Census Tract 5103,Cook County,Illinois,2.25%,355,7,80,3,445,10
Census Tract 5201,Cook County,Illinois,0.36%,225,0,50,1,276,1
Census Tract 5202,Cook County,Illinois,4.03%,357,15,96,4,472,19
Census Tract 5203,Cook County,Illinois,0.84%,819,5,121,3,948,8
Census Tract 5204,Cook County,Illinois,1.25%,564,3,69,5,641,8
Census Tract 5205,Cook County,Illinois,0.98%,724,6,83,2,815,8
Census Tract 5206,Cook County,Illinois,1.75%,407,5,41,3,456,8
Census Tract 5301,Cook County,Illinois,1.67%,194,3,41,1,239,4
Census Tract 5302,Cook County,Illinois,2.97%,224,4,70,5,303,9
Census Tract 5303,Cook County,Illinois,2.13%,292,7,76,1,376,8
Census Tract 5304,Cook County,Illinois,0.00%,208,0,33,0,241,0
Census Tract 5305.01,Cook County,Illinois,1.18%,337,4,82,1,424,5
Census Tract 5305.02,Cook County,Illinois,3.63%,154,2,32,5,193,7
Census Tract 5305.03,Cook County,Illinois,2.01%,442,8,94,3,547,11
Census Tract 5306,Cook County,Illinois,1.99%,193,1,53,4,251,5
Census Tract 5401.01,Cook County,Illinois,2.69%,127,6,90,0,223,6
Census Tract 5401.02,Cook County,Illinois,2.10%,92,0,48,3,143,3
Census Tract 5501,Cook County,Illinois,0.75%,1015,5,175,4,1199,9
Census Tract 5502,Cook County,Illinois,0.36%,501,2,59,0,562,2
Census Tract 5601,Cook County,Illinois,2.76%,152,2,24,3,181,5
Census Tract 5602,Cook County,Illinois,1.48%,175,2,25,1,203,3
Census Tract 5603,Cook County,Illinois,1.05%,514,3,54,3,574,6
Census Tract 5604,Cook County,Illinois,1.33%,274,3,23,1,301,4
Census Tract 5607,Cook County,Illinois,1.83%,518,8,72,3,601,11
Census Tract 5608,Cook County,Illinois,0.83%,964,5,114,4,1087,9
Census Tract 5609,Cook County,Illinois,1.27%,988,7,97,7,1099,14
Census Tract 5610,Cook County,Illinois,1.32%,1032,8,87,7,1134,15
Census Tract 5611,Cook County,Illinois,1.30%,1044,11,99,4,1158,15
Census Tract 5701,Cook County,Illinois,1.42%,174,3,34,0,211,3
Census Tract 5702,Cook County,Illinois,1.10%,325,4,36,0,365,4
Census Tract 5703,Cook County,Illinois,2.22%,885,13,128,10,1036,23
Census Tract 5704,Cook County,Illinois,1.09%,238,3,34,0,275,3
Census Tract 5705,Cook County,Illinois,1.39%,373,6,54,0,433,6
Census Tract 5801,Cook County,Illinois,1.67%,464,8,67,1,540,9
Census Tract 5802,Cook County,Illinois,1.73%,458,6,53,3,520,9
Census Tract 5803,Cook County,Illinois,0.76%,353,3,37,0,393,3
Census Tract 5804,Cook County,Illinois,1.28%,657,7,115,3,782,10
Census Tract 5805.01,Cook County,Illinois,1.94%,698,8,109,8,823,16
Census Tract 5805.02,Cook County,Illinois,1.71%,739,9,123,6,877,15
Census Tract 5806,Cook County,Illinois,1.31%,688,4,139,7,838,11
Census Tract 5807,Cook County,Illinois,0.86%,781,3,143,5,932,8
Census Tract 5808,Cook County,Illinois,3.12%,259,6,52,4,321,10
Census Tract 5905,Cook County,Illinois,0.86%,285,1,62,2,350,3
Census Tract 5906,Cook County,Illinois,2.05%,493,9,81,3,586,12
Census Tract 5907,Cook County,Illinois,1.50%,438,2,86,6,532,8
Census Tract 6004,Cook County,Illinois,1.32%,689,5,60,5,759,10
Census Tract 6006,Cook County,Illinois,2.33%,428,5,75,7,515,12
Census Tract 6007,Cook County,Illinois,1.41%,425,4,66,3,498,7
Census Tract 6009,Cook County,Illinois,3.25%,494,6,131,15,646,21
Census Tract 6103,Cook County,Illinois,2.84%,617,13,170,10,810,23
Census Tract 6104,Cook County,Illinois,2.34%,244,3,48,4,299,7
Census Tract 6108,Cook County,Illinois,1.50%,209,2,54,2,267,4
Census Tract 6112,Cook County,Illinois,1.17%,274,3,63,1,341,4
Census Tract 6113,Cook County,Illinois,1.42%,400,4,85,3,492,7
Census Tract 6114,Cook County,Illinois,2.59%,421,8,106,6,541,14
Census Tract 6115,Cook County,Illinois,0.80%,418,3,81,1,503,4
Census Tract 6116,Cook County,Illinois,3.14%,194,4,53,4,255,8
Census Tract 6117,Cook County,Illinois,0.81%,190,2,54,0,246,2
Census Tract 6118,Cook County,Illinois,1.92%,192,4,63,1,260,5
Census Tract 6119,Cook County,Illinois,3.02%,137,3,56,3,199,6
Census Tract 6120,Cook County,Illinois,2.88%,96,2,39,2,139,4
Census Tract 6121,Cook County,Illinois,0.00%,78,0,32,0,110,0
Census Tract 6122,Cook County,Illinois,2.99%,402,10,84,5,501,15
Census Tract 6201,Cook County,Illinois,2.01%,678,7,53,8,746,15
Census Tract 6202,Cook County,Illinois,1.77%,338,2,50,5,395,7
Census Tract 6203,Cook County,Illinois,0.76%,936,5,108,3,1052,8
Census Tract 6204,Cook County,Illinois,0.59%,777,5,66,0,848,5
Census Tract 6303,Cook County,Illinois,1.29%,656,5,107,5,773,10
Census Tract 6304,Cook County,Illinois,0.90%,975,6,131,4,1116,10
Census Tract 6305,Cook County,Illinois,0.89%,752,4,143,4,903,8
Census Tract 6306,Cook County,Illinois,1.84%,387,3,93,6,489,9
Census Tract 6308,Cook County,Illinois,1.35%,839,12,114,1,966,13
Census Tract 6309,Cook County,Illinois,1.84%,677,9,69,5,760,14
Census Tract 6401,Cook County,Illinois,2.37%,172,3,34,2,211,5
Census Tract 6403,Cook County,Illinois,1.38%,1058,11,160,6,1235,17
Census Tract 6404,Cook County,Illinois,1.69%,555,8,83,3,649,11
Census Tract 6405,Cook County,Illinois,0.70%,598,3,115,2,718,5
Census Tract 6406,Cook County,Illinois,1.33%,545,3,124,6,678,9
Census Tract 6407,Cook County,Illinois,2.32%,507,8,83,6,604,14
Census Tract 6408,Cook County,Illinois,0.33%,267,1,34,0,302,1
Census Tract 6501,Cook County,Illinois,1.85%,641,11,101,3,756,14
Census Tract 6502,Cook County,Illinois,1.25%,1009,12,173,3,1197,15
Census Tract 6503.01,Cook County,Illinois,0.91%,875,9,104,0,988,9
Census Tract 6503.02,Cook County,Illinois,0.86%,632,5,63,1,701,6
Census Tract 6504,Cook County,Illinois,1.01%,977,5,105,6,1093,11
Census Tract 6505,Cook County,Illinois,1.29%,603,8,85,1,697,9
Census Tract 6603.01,Cook County,Illinois,0.49%,176,0,29,1,206,1
Census Tract 6603.02,Cook County,Illinois,0.81%,634,2,100,4,740,6
Census Tract 6604,Cook County,Illinois,0.93%,746,7,106,1,860,8
Census Tract 6605,Cook County,Illinois,0.95%,624,4,102,3,733,7
Census Tract 6606,Cook County,Illinois,2.07%,591,10,167,6,774,16
Census Tract 6607,Cook County,Illinois,3.86%,147,3,52,5,207,8
Census Tract 6608,Cook County,Illinois,1.40%,566,9,210,2,787,11
Census Tract 6609,Cook County,Illinois,2.64%,340,8,102,4,454,12
Census Tract 6610,Cook County,Illinois,1.48%,533,4,134,6,677,10
Census Tract 6611,Cook County,Illinois,1.33%,767,8,125,4,904,12
Census Tract 6701,Cook County,Illinois,4.46%,89,3,18,2,112,5
Census Tract 6702,Cook County,Illinois,2.11%,71,1,22,1,95,2
Census Tract 6703,Cook County,Illinois,0.79%,96,1,30,0,127,1
Census Tract 6704,Cook County,Illinois,5.66%,109,4,41,5,159,9
Census Tract 6705,Cook County,Illinois,0.00%,86,0,36,0,122,0
Census Tract 6706,Cook County,Illinois,4.35%,82,5,28,0,115,5
Census Tract 6707,Cook County,Illinois,1.01%,76,1,22,0,99,1
Census Tract 6708,Cook County,Illinois,4.03%,68,2,51,3,124,5
Census Tract 6709,Cook County,Illinois,3.96%,67,2,30,2,101,4
Census Tract 6711,Cook County,Illinois,5.41%,49,2,21,2,74,4
Census Tract 6712,Cook County,Illinois,3.16%,62,1,30,2,95,3
Census Tract 6713,Cook County,Illinois,4.17%,127,5,57,3,192,8
Census Tract 6714,Cook County,Illinois,0.00%,104,0,40,0,144,0
Census Tract 6715,Cook County,Illinois,2.38%,178,5,68,1,252,6
Census Tract 6716,Cook County,Illinois,1.32%,100,2,49,0,151,2
Census Tract 6718,Cook County,Illinois,1.05%,73,0,21,1,95,1
Census Tract 6719,Cook County,Illinois,4.72%,83,0,18,5,106,5
Census Tract 6720,Cook County,Illinois,2.59%,259,5,79,4,347,9
Census Tract 6805,Cook County,Illinois,2.83%,57,2,46,1,106,3
Census Tract 6806,Cook County,Illinois,3.06%,55,1,40,2,98,3
Census Tract 6809,Cook County,Illinois,3.83%,160,1,91,9,261,10
Census Tract 6810,Cook County,Illinois,4.57%,126,7,62,2,197,9
Census Tract 6811,Cook County,Illinois,5.38%,131,1,80,11,223,12
Census Tract 6812,Cook County,Illinois,2.47%,106,1,52,3,162,4
Census Tract 6813,Cook County,Illinois,1.69%,120,2,55,1,178,3
Census Tract 6814,Cook County,Illinois,3.72%,147,4,60,4,215,8
Census Tract 6903,Cook County,Illinois,6.11%,65,3,58,5,131,8
Census Tract 6904,Cook County,Illinois,3.91%,187,6,83,5,281,11
Census Tract 6905,Cook County,Illinois,6.76%,37,1,32,4,74,5
Census Tract 6909,Cook County,Illinois,2.37%,238,2,92,6,338,8
Census Tract 6910,Cook County,Illinois,6.09%,217,9,76,10,312,19
Census Tract 6911,Cook County,Illinois,3.91%,155,0,91,10,256,10
Census Tract 6912,Cook County,Illinois,1.07%,115,0,70,2,187,2
Census Tract 6913,Cook County,Illinois,1.75%,211,0,70,5,286,5
Census Tract 6914,Cook County,Illinois,5.26%,231,8,75,9,323,17
Census Tract 6915,Cook County,Illinois,3.64%,101,4,58,2,165,6
Census Tract 7001,Cook County,Illinois,1.62%,432,4,53,4,493,8
Census Tract 7002,Cook County,Illinois,1.26%,1008,7,91,7,1113,14
Census Tract 7003.01,Cook County,Illinois,1.29%,884,8,107,5,1004,13
Census Tract 7003.02,Cook County,Illinois,1.15%,954,7,81,5,1047,12
Census Tract 7004.01,Cook County,Illinois,0.77%,808,2,96,5,911,7
Census Tract 7004.02,Cook County,Illinois,1.85%,577,8,58,4,647,12
Census Tract 7005.01,Cook County,Illinois,0.61%,880,6,104,0,990,6
Census Tract 7005.02,Cook County,Illinois,0.89%,407,2,38,2,449,4
Census Tract 7101,Cook County,Illinois,4.23%,48,0,20,3,71,3
Census Tract 7102,Cook County,Illinois,1.18%,219,2,116,2,339,4
Census Tract 7103,Cook County,Illinois,2.17%,93,1,42,2,138,3
Census Tract 7104,Cook County,Illinois,2.54%,422,8,116,6,552,14
Census Tract 7105,Cook County,Illinois,1.72%,294,3,106,4,407,7
Census Tract 7106,Cook County,Illinois,2.60%,95,1,55,3,154,4
Census Tract 7107,Cook County,Illinois,1.72%,214,0,72,5,291,5
Census Tract 7108,Cook County,Illinois,3.59%,306,9,97,6,418,15
Census Tract 7109,Cook County,Illinois,1.91%,110,3,44,0,157,3
Census Tract 7110,Cook County,Illinois,3.10%,190,4,60,4,258,8
Census Tract 7111,Cook County,Illinois,1.12%,208,2,58,1,269,3
Census Tract 7112,Cook County,Illinois,2.01%,446,8,90,3,547,11
Census Tract 7113,Cook County,Illinois,1.86%,126,3,32,0,161,3
Census Tract 7114,Cook County,Illinois,1.77%,173,2,49,2,226,4
Census Tract 7115,Cook County,Illinois,1.04%,149,2,42,0,193,2
Census Tract 7201,Cook County,Illinois,1.63%,761,12,26,1,800,13
Census Tract 7202,Cook County,Illinois,0.54%,691,0,50,4,745,4
Census Tract 7203,Cook County,Illinois,0.92%,830,6,29,2,867,8
Census Tract 7204,Cook County,Illinois,0.24%,388,1,29,0,418,1
Census Tract 7205,Cook County,Illinois,0.42%,444,1,26,1,472,2
Census Tract 7206,Cook County,Illinois,0.94%,401,4,19,0,424,4
Census Tract 7207,Cook County,Illinois,0.78%,439,3,67,1,510,4
Census Tract 7301,Cook County,Illinois,1.85%,220,2,46,3,271,5
Census Tract 7302.01,Cook County,Illinois,2.60%,427,6,136,9,578,15
Census Tract 7302.02,Cook County,Illinois,2.54%,226,2,43,5,276,7
Census Tract 7303,Cook County,Illinois,3.70%,94,2,10,2,108,4
Census Tract 7304,Cook County,Illinois,1.51%,345,3,46,3,397,6
Census Tract 7305,Cook County,Illinois,0.95%,346,4,70,0,420,4
Census Tract 7306,Cook County,Illinois,1.93%,305,2,51,5,363,7
Census Tract 7307,Cook County,Illinois,3.30%,238,4,26,5,273,9
Census Tract 7401,Cook County,Illinois,1.01%,622,4,65,3,694,7
Census Tract 7402,Cook County,Illinois,0.16%,1196,2,55,0,1253,2
Census Tract 7403,Cook County,Illinois,0.19%,997,2,77,0,1076,2
Census Tract 7404,Cook County,Illinois,1.26%,860,3,82,9,954,12
Census Tract 7501,Cook County,Illinois,2.72%,323,3,71,8,405,11
Census Tract 7502,Cook County,Illinois,2.21%,484,10,46,2,542,12
Census Tract 7503,Cook County,Illinois,0.37%,490,2,45,0,537,2
Census Tract 7504,Cook County,Illinois,0.69%,513,4,61,0,578,4
Census Tract 7505,Cook County,Illinois,1.27%,619,6,81,3,709,9
Census Tract 7506,Cook County,Illinois,3.49%,262,6,70,6,344,12
Census Tract 7608.01,Cook County,Illinois,0.44%,807,3,106,1,917,4
Census Tract 7608.02,Cook County,Illinois,0.76%,480,3,41,1,525,4
Census Tract 7608.03,Cook County,Illinois,1.86%,1116,12,147,12,1287,24
Census Tract 7702.01,Cook County,Illinois,2.33%,1066,18,147,11,1242,29
Census Tract 7702.02,Cook County,Illinois,1.33%,1081,10,102,6,1199,16
Census Tract 7703,Cook County,Illinois,1.28%,1452,6,167,15,1640,21
Census Tract 7704,Cook County,Illinois,0.96%,817,6,107,3,933,9
Census Tract 7705,Cook County,Illinois,1.65%,628,8,148,5,789,13
Census Tract 7706.01,Cook County,Illinois,0.42%,666,1,41,2,710,3
Census Tract 7706.02,Cook County,Illinois,0.33%,779,0,120,3,902,3
Census Tract 7707,Cook County,Illinois,0.19%,455,1,59,0,515,1
Census Tract 7708,Cook County,Illinois,1.43%,966,11,135,5,1117,16
Census Tract 7709.01,Cook County,Illinois,0.52%,1067,4,78,2,1151,6
Census Tract 7709.02,Cook County,Illinois,0.73%,757,6,54,0,817,6
Census Tract 8001,Cook County,Illinois,0.47%,626,3,14,0,643,3
Census Tract 8002,Cook County,Illinois,0.24%,1648,4,49,0,1701,4
Census Tract 8003,Cook County,Illinois,0.11%,873,1,20,0,894,1
Census Tract 8004,Cook County,Illinois,0.30%,972,2,15,1,990,3
Census Tract 8005,Cook County,Illinois,0.24%,1230,3,18,0,1251,3
Census Tract 8006,Cook County,Illinois,0.34%,579,2,9,0,590,2
Census Tract 8007,Cook County,Illinois,0.61%,1286,6,14,2,1308,8
Census Tract 8008,Cook County,Illinois,0.91%,506,4,39,1,550,5
Census Tract 8009,Cook County,Illinois,0.72%,1079,7,28,1,1115,8
Census Tract 8010,Cook County,Illinois,0.64%,1222,5,28,3,1258,8
Census Tract 8011,Cook County,Illinois,0.50%,1183,5,21,1,1210,6
Census Tract 8012,Cook County,Illinois,0.64%,914,5,11,1,931,6
Census Tract 8013,Cook County,Illinois,0.84%,1033,7,25,2,1067,9
Census Tract 8014,Cook County,Illinois,0.64%,759,5,21,0,785,5
Census Tract 8015,Cook County,Illinois,0.52%,1465,7,73,1,1546,8
Census Tract 8016.01,Cook County,Illinois,0.34%,1151,3,36,1,1191,4
Census Tract 8016.03,Cook County,Illinois,0.78%,700,3,59,3,765,6
Census Tract 8016.05,Cook County,Illinois,0.33%,1480,2,46,3,1531,5
Census Tract 8016.06,Cook County,Illinois,0.39%,1720,7,64,0,1791,7
Census Tract 8016.07,Cook County,Illinois,0.22%,1298,2,51,1,1352,3
Census Tract 8016.08,Cook County,Illinois,0.32%,1797,1,52,5,1855,6
Census Tract 8017.01,Cook County,Illinois,0.00%,1009,0,24,0,1033,0
Census Tract 8017.02,Cook County,Illinois,0.17%,1133,2,39,0,1174,2
Census Tract 8018,Cook County,Illinois,0.53%,1457,3,52,5,1517,8
Census Tract 8019.01,Cook County,Illinois,0.99%,1018,7,78,4,1107,11
Census Tract 8019.02,Cook County,Illinois,0.81%,838,4,19,3,864,7
Census Tract 8020.02,Cook County,Illinois,0.65%,1188,5,33,3,1229,8
Census Tract 8020.03,Cook County,Illinois,0.31%,614,1,30,1,646,2
Census Tract 8020.04,Cook County,Illinois,0.51%,1060,2,110,4,1176,6
Census Tract 8021,Cook County,Illinois,0.22%,891,0,14,2,907,2
Census Tract 8022,Cook County,Illinois,0.60%,1110,6,57,1,1174,7
Census Tract 8023,Cook County,Illinois,0.57%,1359,8,33,0,1400,8
Census Tract 8024.02,Cook County,Illinois,1.65%,1121,13,131,8,1273,21
Census Tract 8024.03,Cook County,Illinois,1.46%,288,2,50,3,343,5
Census Tract 8024.04,Cook County,Illinois,1.13%,1196,8,201,8,1413,16
Census Tract 8025.03,Cook County,Illinois,1.31%,1415,15,97,5,1532,20
Census Tract 8025.04,Cook County,Illinois,0.80%,1276,7,87,4,1374,11
Census Tract 8025.05,Cook County,Illinois,1.45%,1096,8,196,11,1311,19
Census Tract 8025.06,Cook County,Illinois,1.55%,401,4,45,3,453,7
Census Tract 8026.05,Cook County,Illinois,0.76%,1721,8,108,6,1843,14
Census Tract 8026.07,Cook County,Illinois,0.51%,375,2,12,0,389,2
Census Tract 8026.08,Cook County,Illinois,0.44%,1467,2,116,5,1590,7
Census Tract 8026.09,Cook County,Illinois,1.20%,1070,8,166,7,1251,15
Census Tract 8026.10,Cook County,Illinois,0.90%,416,4,25,0,445,4
Census Tract 8027.01,Cook County,Illinois,0.58%,1468,4,77,5,1554,9
Census Tract 8027.02,Cook County,Illinois,0.26%,1085,1,49,2,1137,3
Census Tract 8028.01,Cook County,Illinois,0.64%,1168,7,66,1,1242,8
Census Tract 8028.02,Cook County,Illinois,0.48%,1590,4,70,4,1668,8
Census Tract 8029,Cook County,Illinois,0.75%,1542,12,53,0,1607,12
Census Tract 8030.05,Cook County,Illinois,0.31%,625,1,28,1,655,2
Census Tract 8030.07,Cook County,Illinois,0.58%,1290,6,93,2,1391,8
Census Tract 8030.08,Cook County,Illinois,0.08%,1201,0,49,1,1251,1
Census Tract 8030.10,Cook County,Illinois,0.52%,1260,6,76,1,1343,7
Census Tract 8030.12,Cook County,Illinois,0.76%,451,2,69,2,524,4
Census Tract 8030.13,Cook County,Illinois,0.54%,1187,4,98,3,1292,7
Census Tract 8030.14,Cook County,Illinois,0.48%,755,3,68,1,827,4
Census Tract 8030.15,Cook County,Illinois,1.01%,1096,9,79,3,1187,12
Census Tract 8030.16,Cook County,Illinois,0.46%,618,1,28,2,649,3
Census Tract 8030.17,Cook County,Illinois,1.12%,1354,9,143,8,1514,17
Census Tract 8031,Cook County,Illinois,0.55%,885,5,27,0,917,5
Census Tract 8032,Cook County,Illinois,0.73%,1163,6,57,3,1229,9
Census Tract 8033,Cook County,Illinois,1.61%,1071,10,151,10,1242,20
Census Tract 8034,Cook County,Illinois,0.67%,1560,4,75,7,1646,11
Census Tract 8035,Cook County,Illinois,0.35%,1362,2,52,3,1419,5
Census Tract 8036.03,Cook County,Illinois,0.38%,1798,5,59,2,1864,7
Census Tract 8036.04,Cook County,Illinois,0.84%,869,6,75,2,952,8
Census Tract 8036.05,Cook County,Illinois,0.53%,1568,6,128,3,1705,9
Census Tract 8036.07,Cook County,Illinois,0.69%,1218,5,82,4,1309,9
Census Tract 8036.08,Cook County,Illinois,0.95%,1541,14,224,3,1782,17
Census Tract 8036.11,Cook County,Illinois,1.41%,887,8,164,7,1066,15
Census Tract 8036.12,Cook County,Illinois,1.29%,519,6,167,3,695,9
Census Tract 8036.13,Cook County,Illinois,0.83%,494,5,107,0,606,5
Census Tract 8036.14,Cook County,Illinois,1.17%,588,7,173,2,770,9
Census Tract 8036.15,Cook County,Illinois,0.79%,529,4,95,1,629,5
Census Tract 8036.16,Cook County,Illinois,1.74%,837,11,179,7,1034,18
Census Tract 8037.01,Cook County,Illinois,2.13%,488,10,109,3,610,13
Census Tract 8037.02,Cook County,Illinois,1.51%,1372,13,132,10,1527,23
Census Tract 8038,Cook County,Illinois,0.36%,1031,0,79,4,1114,4
Census Tract 8039.01,Cook County,Illinois,0.36%,730,3,96,0,829,3
Census Tract 8039.02,Cook County,Illinois,0.00%,722,0,67,0,789,0
Census Tract 8040,Cook County,Illinois,1.43%,1000,9,102,7,1118,16
Census Tract 8041.02,Cook County,Illinois,0.51%,1869,4,64,6,1943,10
Census Tract 8041.04,Cook County,Illinois,0.47%,1215,6,47,0,1268,6
Census Tract 8041.05,Cook County,Illinois,0.34%,1132,3,29,1,1165,4
Census Tract 8041.06,Cook County,Illinois,0.72%,1711,5,92,8,1816,13
Census Tract 8041.08,Cook County,Illinois,1.57%,834,6,169,10,1019,16
Census Tract 8041.09,Cook County,Illinois,1.07%,689,6,48,2,745,8
Census Tract 8042.02,Cook County,Illinois,0.87%,1962,9,89,9,2069,18
Census Tract 8042.03,Cook County,Illinois,0.65%,909,2,14,4,929,6
Census Tract 8042.04,Cook County,Illinois,1.05%,1265,6,58,8,1337,14
Census Tract 8043.05,Cook County,Illinois,1.12%,1249,5,164,11,1429,16
Census Tract 8043.06,Cook County,Illinois,1.77%,946,12,110,7,1075,19
Census Tract 8043.08,Cook County,Illinois,1.55%,981,13,165,5,1164,18
Census Tract 8043.09,Cook County,Illinois,0.81%,555,4,61,1,621,5
Census Tract 8043.12,Cook County,Illinois,1.24%,542,4,14,3,563,7
Census Tract 8043.13,Cook County,Illinois,0.95%,1348,10,115,4,1477,14
Census Tract 8043.14,Cook County,Illinois,0.76%,355,1,38,2,396,3
Census Tract 8043.15,Cook County,Illinois,1.27%,492,5,51,2,550,7
Census Tract 8043.16,Cook County,Illinois,0.74%,969,5,97,3,1074,8
Census Tract 8044.03,Cook County,Illinois,2.12%,1305,16,215,17,1553,33
Census Tract 8044.04,Cook County,Illinois,1.22%,985,9,66,4,1064,13
Census Tract 8044.05,Cook County,Illinois,1.11%,544,5,78,2,629,7
Census Tract 8044.06,Cook County,Illinois,1.07%,1045,9,152,4,1210,13
Census Tract 8045.05,Cook County,Illinois,1.10%,683,4,126,5,818,9
Census Tract 8045.06,Cook County,Illinois,0.77%,1219,6,65,4,1294,10
Census Tract 8045.08,Cook County,Illinois,0.99%,334,1,68,3,406,4
Census Tract 8045.09,Cook County,Illinois,1.95%,956,10,101,11,1078,21
Census Tract 8045.10,Cook County,Illinois,0.89%,874,7,123,2,1006,9
Census Tract 8045.11,Cook County,Illinois,1.87%,341,2,79,6,428,8
Census Tract 8045.12,Cook County,Illinois,1.68%,852,14,82,2,950,16
Census Tract 8045.13,Cook County,Illinois,0.49%,920,2,104,3,1029,5
Census Tract 8045.14,Cook County,Illinois,0.48%,966,3,64,2,1035,5
Census Tract 8046.03,Cook County,Illinois,2.42%,865,12,182,14,1073,26
Census Tract 8046.06,Cook County,Illinois,0.56%,1681,7,82,3,1773,10
Census Tract 8046.07,Cook County,Illinois,0.35%,1620,5,107,1,1733,6
Census Tract 8046.08,Cook County,Illinois,0.99%,822,6,78,3,909,9
Census Tract 8046.09,Cook County,Illinois,0.68%,1326,5,143,5,1479,10
Census Tract 8046.10,Cook County,Illinois,0.40%,461,0,41,2,504,2
Census Tract 8046.11,Cook County,Illinois,0.90%,1023,2,79,8,1112,10
Census Tract 8047.01,Cook County,Illinois,0.53%,1127,5,189,2,1323,7
Census Tract 8047.05,Cook County,Illinois,1.64%,749,7,93,7,856,14
Census Tract 8047.06,Cook County,Illinois,0.49%,582,0,31,3,616,3
Census Tract 8047.09,Cook County,Illinois,1.89%,1140,13,105,11,1269,24
Census Tract 8047.10,Cook County,Illinois,0.78%,941,4,77,4,1026,8
Census Tract 8047.11,Cook County,Illinois,1.20%,1368,9,197,10,1584,19
Census Tract 8047.12,Cook County,Illinois,0.97%,1237,10,92,3,1342,13
Census Tract 8047.13,Cook County,Illinois,0.92%,1053,10,130,1,1194,11
Census Tract 8047.14,Cook County,Illinois,1.09%,738,6,75,3,822,9
Census Tract 8047.15,Cook County,Illinois,1.30%,539,4,70,4,617,8
Census Tract 8047.16,Cook County,Illinois,0.57%,1154,5,62,2,1223,7
Census Tract 8048.03,Cook County,Illinois,0.97%,1225,4,96,9,1334,13
Census Tract 8048.04,Cook County,Illinois,1.64%,1268,14,168,10,1460,24
Census Tract 8048.05,Cook County,Illinois,0.97%,1420,5,117,10,1552,15
Census Tract 8048.06,Cook County,Illinois,1.05%,707,8,45,0,760,8
Census Tract 8048.07,Cook County,Illinois,0.69%,1070,8,89,0,1167,8
Census Tract 8048.08,Cook County,Illinois,0.15%,655,0,24,1,680,1
Census Tract 8048.09,Cook County,Illinois,0.37%,1041,4,47,0,1092,4
Census Tract 8048.10,Cook County,Illinois,0.88%,1485,9,88,5,1587,14
Census Tract 8049.01,Cook County,Illinois,0.66%,1577,9,87,2,1675,11
Census Tract 8049.02,Cook County,Illinois,0.51%,1306,6,68,1,1381,7
Census Tract 8050.01,Cook County,Illinois,0.70%,1238,6,36,3,1283,9
Census Tract 8050.02,Cook County,Illinois,1.13%,1320,10,162,7,1499,17
Census Tract 8051.05,Cook County,Illinois,1.48%,1127,13,200,7,1347,20
Census Tract 8051.06,Cook County,Illinois,1.50%,606,5,49,5,665,10
Census Tract 8051.07,Cook County,Illinois,2.12%,970,19,276,8,1273,27
Census Tract 8051.08,Cook County,Illinois,1.74%,1093,12,208,11,1324,23
Census Tract 8051.09,Cook County,Illinois,0.89%,1058,6,50,4,1118,10
Census Tract 8051.10,Cook County,Illinois,0.78%,948,4,65,4,1021,8
Census Tract 8051.11,Cook County,Illinois,1.55%,1328,15,200,9,1552,24
Census Tract 8051.12,Cook County,Illinois,0.41%,690,3,41,0,734,3
Census Tract 8052.01,Cook County,Illinois,0.73%,776,4,38,2,820,6
Census Tract 8052.02,Cook County,Illinois,0.55%,845,3,57,2,907,5
Census Tract 8053.01,Cook County,Illinois,1.26%,764,5,18,5,792,10
Census Tract 8053.02,Cook County,Illinois,0.66%,863,4,41,2,910,6
Census Tract 8054.01,Cook County,Illinois,0.55%,848,4,55,1,908,5
Census Tract 8054.02,Cook County,Illinois,0.32%,1163,3,70,1,1237,4
Census Tract 8055.01,Cook County,Illinois,0.35%,820,1,35,2,858,3
Census Tract 8055.02,Cook County,Illinois,0.38%,1013,3,42,1,1059,4
Census Tract 8056,Cook County,Illinois,0.66%,1178,6,30,2,1216,8
Census Tract 8057.01,Cook County,Illinois,0.62%,1235,3,48,5,1291,8
Census Tract 8057.02,Cook County,Illinois,0.40%,473,1,21,1,496,2
Census Tract 8058.01,Cook County,Illinois,0.79%,588,5,40,0,633,5
Census Tract 8058.02,Cook County,Illinois,0.75%,1126,5,59,4,1194,9
Census Tract 8059.01,Cook County,Illinois,0.74%,843,3,95,4,945,7
Census Tract 8059.02,Cook County,Illinois,0.54%,1412,6,51,2,1471,8
Census Tract 8060.01,Cook County,Illinois,1.66%,1055,15,130,5,1205,20
Census Tract 8060.02,Cook County,Illinois,0.79%,1388,6,117,6,1517,12
Census Tract 8060.04,Cook County,Illinois,1.05%,1328,10,86,5,1429,15
Census Tract 8060.05,Cook County,Illinois,1.59%,576,9,42,1,628,10
Census Tract 8060.06,Cook County,Illinois,0.66%,864,4,35,2,905,6
Census Tract 8061.02,Cook County,Illinois,1.38%,888,8,109,6,1011,14
Census Tract 8061.03,Cook County,Illinois,0.79%,1173,7,85,3,1268,10
Census Tract 8061.04,Cook County,Illinois,2.45%,594,11,122,7,734,18
Census Tract 8062.01,Cook County,Illinois,1.92%,831,13,141,6,991,19
Census Tract 8062.02,Cook County,Illinois,1.78%,868,13,124,5,1010,18
Census Tract 8063,Cook County,Illinois,0.64%,996,4,84,3,1087,7
Census Tract 8064,Cook County,Illinois,1.42%,507,8,47,0,562,8
Census Tract 8065.01,Cook County,Illinois,1.26%,435,6,37,0,478,6
Census Tract 8065.02,Cook County,Illinois,1.51%,766,8,80,5,859,13
Census Tract 8066,Cook County,Illinois,0.98%,735,1,75,7,818,8
Census Tract 8067,Cook County,Illinois,1.81%,1051,17,33,3,1104,20
Census Tract 8068.01,Cook County,Illinois,1.20%,787,6,37,4,834,10
Census Tract 8068.02,Cook County,Illinois,0.85%,673,6,29,0,708,6
Census Tract 8069,Cook County,Illinois,1.09%,1008,4,79,8,1099,12
Census Tract 8070,Cook County,Illinois,0.73%,1001,5,89,3,1098,8
Census Tract 8071,Cook County,Illinois,1.91%,881,12,44,6,943,18
Census Tract 8072,Cook County,Illinois,1.31%,1231,12,51,5,1299,17
Census Tract 8073,Cook County,Illinois,1.46%,1452,18,98,5,1573,23
Census Tract 8074,Cook County,Illinois,1.89%,1259,19,90,7,1375,26
Census Tract 8075,Cook County,Illinois,1.51%,689,8,27,3,727,11
Census Tract 8076,Cook County,Illinois,1.01%,1310,13,65,1,1389,14
Census Tract 8077,Cook County,Illinois,0.99%,1125,9,74,3,1211,12
Census Tract 8078,Cook County,Illinois,0.80%,591,5,31,0,627,5
Census Tract 8079,Cook County,Illinois,1.42%,937,8,33,6,984,14
Census Tract 8080.01,Cook County,Illinois,1.03%,840,5,27,4,876,9
Census Tract 8080.02,Cook County,Illinois,0.97%,989,7,31,3,1030,10
Census Tract 8081,Cook County,Illinois,1.83%,613,7,30,5,655,12
Census Tract 8082,Cook County,Illinois,0.75%,1146,5,52,4,1207,9
Census Tract 8083.01,Cook County,Illinois,1.74%,1343,13,72,12,1440,25
Census Tract 8083.02,Cook County,Illinois,0.64%,888,3,44,3,938,6
Census Tract 8084,Cook County,Illinois,0.46%,1043,4,30,1,1078,5
Census Tract 8085,Cook County,Illinois,0.59%,969,4,47,2,1022,6
Census Tract 8086,Cook County,Illinois,0.67%,564,3,27,1,595,4
Census Tract 8087.02,Cook County,Illinois,4.24%,137,3,21,4,165,7
Census Tract 8088,Cook County,Illinois,2.71%,831,10,65,15,921,25
Census Tract 8089,Cook County,Illinois,2.37%,989,15,40,10,1054,25
Census Tract 8090,Cook County,Illinois,0.98%,881,5,31,4,921,9
Census Tract 8091,Cook County,Illinois,2.35%,744,11,45,8,808,19
Census Tract 8092,Cook County,Illinois,3.37%,568,18,62,4,652,22
Census Tract 8093,Cook County,Illinois,1.58%,536,4,86,6,632,10
Census Tract 8094.01,Cook County,Illinois,2.94%,433,11,63,4,511,15
Census Tract 8094.02,Cook County,Illinois,3.67%,392,9,107,10,518,19
Census Tract 8095,Cook County,Illinois,4.51%,662,23,143,15,843,38
Census Tract 8096,Cook County,Illinois,3.37%,555,16,47,5,623,21
Census Tract 8097,Cook County,Illinois,3.36%,654,20,64,5,743,25
Census Tract 8098,Cook County,Illinois,3.68%,433,13,65,6,517,19
Census Tract 8099,Cook County,Illinois,3.68%,612,17,69,9,707,26
Census Tract 8100,Cook County,Illinois,5.10%,1012,36,216,30,1294,66
Census Tract 8101,Cook County,Illinois,4.14%,775,25,129,14,943,39
Census Tract 8102,Cook County,Illinois,2.98%,857,21,152,10,1040,31
Census Tract 8103.01,Cook County,Illinois,3.48%,688,24,60,3,775,27
Census Tract 8103.02,Cook County,Illinois,4.56%,623,22,46,10,701,32
Census Tract 8104,Cook County,Illinois,1.50%,1269,14,47,6,1336,20
Census Tract 8105.01,Cook County,Illinois,0.36%,1038,3,61,1,1103,4
Census Tract 8105.02,Cook County,Illinois,0.46%,978,3,93,2,1076,5
Census Tract 8106,Cook County,Illinois,1.63%,875,9,88,7,979,16
Census Tract 8107.01,Cook County,Illinois,1.12%,764,5,122,5,896,10
Census Tract 8107.02,Cook County,Illinois,1.73%,585,8,96,4,693,12
Census Tract 8108,Cook County,Illinois,0.84%,956,3,105,6,1070,9
Census Tract 8109,Cook County,Illinois,0.99%,1056,5,150,7,1218,12
Census Tract 8110,Cook County,Illinois,1.40%,922,13,65,1,1001,14
Census Tract 8111,Cook County,Illinois,0.89%,1136,10,194,2,1342,12
Census Tract 8112,Cook County,Illinois,0.53%,1008,3,115,3,1129,6
Census Tract 8113.01,Cook County,Illinois,0.93%,768,5,86,3,862,8
Census Tract 8113.02,Cook County,Illinois,0.83%,493,3,107,2,605,5
Census Tract 8114.01,Cook County,Illinois,1.33%,869,8,92,5,974,13
Census Tract 8114.02,Cook County,Illinois,0.45%,772,3,119,1,895,4
Census Tract 8115,Cook County,Illinois,0.49%,1097,5,127,1,1230,6
Census Tract 8116,Cook County,Illinois,1.53%,1071,13,154,6,1244,19
Census Tract 8117.01,Cook County,Illinois,0.31%,558,1,87,1,647,2
Census Tract 8117.02,Cook County,Illinois,1.59%,841,10,149,6,1006,16
Census Tract 8118,Cook County,Illinois,0.96%,838,5,95,4,942,9
Census Tract 8119,Cook County,Illinois,0.50%,1157,5,44,1,1207,6
Census Tract 8120,Cook County,Illinois,1.06%,1233,7,72,7,1319,14
Census Tract 8121,Cook County,Illinois,3.44%,961,27,50,9,1047,36
Census Tract 8122,Cook County,Illinois,1.57%,964,15,41,1,1021,16
Census Tract 8123.01,Cook County,Illinois,4.30%,759,25,221,19,1024,44
Census Tract 8123.02,Cook County,Illinois,2.56%,574,10,34,6,624,16
Census Tract 8124,Cook County,Illinois,1.98%,847,13,42,5,907,18
Census Tract 8125,Cook County,Illinois,4.02%,585,24,107,5,721,29
Census Tract 8126,Cook County,Illinois,4.67%,570,20,124,14,728,34
Census Tract 8127,Cook County,Illinois,4.73%,490,13,74,15,592,28
Census Tract 8128.01,Cook County,Illinois,4.72%,447,17,158,13,635,30
Census Tract 8128.02,Cook County,Illinois,3.05%,365,9,80,5,459,14
Census Tract 8129,Cook County,Illinois,2.79%,979,24,68,6,1077,30
Census Tract 8130,Cook County,Illinois,3.00%,785,22,55,4,866,26
Census Tract 8131,Cook County,Illinois,4.38%,820,25,76,16,937,41
Census Tract 8132,Cook County,Illinois,1.48%,939,14,62,1,1016,15
Census Tract 8133.01,Cook County,Illinois,2.25%,423,5,99,7,534,12
Census Tract 8133.02,Cook County,Illinois,1.68%,470,5,114,5,594,10
Census Tract 8134,Cook County,Illinois,1.41%,1007,15,179,2,1203,17
Census Tract 8135,Cook County,Illinois,1.66%,850,12,155,5,1022,17
Census Tract 8136,Cook County,Illinois,1.72%,683,9,115,5,812,14
Census Tract 8137.01,Cook County,Illinois,2.53%,457,8,83,6,554,14
Census Tract 8137.02,Cook County,Illinois,2.40%,565,9,86,7,667,16
Census Tract 8138.01,Cook County,Illinois,0.47%,354,2,71,0,427,2
Census Tract 8138.02,Cook County,Illinois,1.44%,644,8,111,3,766,11
Census Tract 8139,Cook County,Illinois,1.50%,838,7,146,8,999,15
Census Tract 8140,Cook County,Illinois,2.22%,647,11,103,6,767,17
Census Tract 8141,Cook County,Illinois,0.82%,590,4,139,2,735,6
Census Tract 8142,Cook County,Illinois,1.61%,913,12,190,6,1121,18
Census Tract 8143,Cook County,Illinois,1.86%,612,5,127,9,753,14
Census Tract 8144,Cook County,Illinois,1.08%,1164,10,210,5,1389,15
Census Tract 8145,Cook County,Illinois,1.01%,769,6,112,3,890,9
Census Tract 8146,Cook County,Illinois,1.97%,804,12,143,7,966,19
Census Tract 8147,Cook County,Illinois,1.67%,805,11,139,5,960,16
Census Tract 8148,Cook County,Illinois,3.32%,993,22,141,17,1173,39
Census Tract 8149,Cook County,Illinois,2.64%,733,11,227,15,986,26
Census Tract 8150,Cook County,Illinois,3.13%,555,14,96,7,672,21
Census Tract 8151,Cook County,Illinois,1.74%,567,11,109,1,688,12
Census Tract 8152,Cook County,Illinois,3.00%,983,17,212,20,1232,37
Census Tract 8153,Cook County,Illinois,1.79%,633,7,82,6,728,13
Census Tract 8154,Cook County,Illinois,3.24%,854,17,163,17,1051,34
Census Tract 8155,Cook County,Illinois,1.68%,1297,17,225,9,1548,26
Census Tract 8156,Cook County,Illinois,1.36%,986,9,98,6,1099,15
Census Tract 8157.01,Cook County,Illinois,1.28%,970,7,35,6,1018,13
Census Tract 8157.02,Cook County,Illinois,1.33%,1094,12,89,4,1199,16
Census Tract 8158,Cook County,Illinois,0.86%,320,2,24,1,347,3
Census Tract 8159,Cook County,Illinois,3.74%,540,14,206,15,775,29
Census Tract 8160,Cook County,Illinois,5.64%,490,24,146,14,674,38
Census Tract 8161,Cook County,Illinois,3.74%,878,28,203,14,1123,42
Census Tract 8162,Cook County,Illinois,1.75%,720,7,66,7,800,14
Census Tract 8163,Cook County,Illinois,1.01%,661,7,121,1,790,8
Census Tract 8164.01,Cook County,Illinois,1.78%,601,11,115,2,729,13
Census Tract 8164.02,Cook County,Illinois,1.15%,592,4,93,4,693,8
Census Tract 8165,Cook County,Illinois,0.57%,595,4,101,0,700,4
Census Tract 8166,Cook County,Illinois,1.23%,602,7,122,2,733,9
Census Tract 8167,Cook County,Illinois,1.77%,387,4,57,4,452,8
Census Tract 8168,Cook County,Illinois,1.98%,857,12,132,8,1009,20
Census Tract 8169,Cook County,Illinois,1.31%,799,9,107,3,918,12
Census Tract 8170,Cook County,Illinois,1.00%,678,4,113,4,799,8
Census Tract 8171.01,Cook County,Illinois,0.52%,473,2,104,1,580,3
Census Tract 8171.02,Cook County,Illinois,0.42%,403,1,69,1,474,2
Census Tract 8172,Cook County,Illinois,2.86%,430,12,113,4,559,16
Census Tract 8173,Cook County,Illinois,2.13%,250,4,71,3,328,7
Census Tract 8174,Cook County,Illinois,1.71%,499,3,77,7,586,10
Census Tract 8175,Cook County,Illinois,2.43%,358,7,83,4,452,11
Census Tract 8176,Cook County,Illinois,2.53%,377,7,85,5,474,12
Census Tract 8177,Cook County,Illinois,1.34%,575,2,88,7,672,9
Census Tract 8179,Cook County,Illinois,1.21%,687,5,128,5,825,10
Census Tract 8180,Cook County,Illinois,1.27%,676,5,99,5,785,10
Census Tract 8181,Cook County,Illinois,1.87%,489,7,35,3,534,10
Census Tract 8182,Cook County,Illinois,2.39%,859,16,120,8,1003,24
Census Tract 8183,Cook County,Illinois,1.01%,851,9,130,1,991,10
Census Tract 8184.01,Cook County,Illinois,0.84%,605,6,100,0,711,6
Census Tract 8184.02,Cook County,Illinois,2.02%,598,6,81,8,693,14
Census Tract 8185,Cook County,Illinois,2.05%,1253,14,87,14,1368,28
Census Tract 8186,Cook County,Illinois,0.54%,997,5,104,1,1107,6
Census Tract 8187,Cook County,Illinois,0.70%,769,6,81,0,856,6
Census Tract 8188,Cook County,Illinois,0.85%,1159,9,128,2,1298,11
Census Tract 8189,Cook County,Illinois,1.49%,775,9,87,4,875,13
Census Tract 8190,Cook County,Illinois,0.18%,1089,1,22,1,1113,2
Census Tract 8191,Cook County,Illinois,1.99%,659,10,130,6,805,16
Census Tract 8192,Cook County,Illinois,2.44%,906,17,175,10,1108,27
Census Tract 8193,Cook County,Illinois,1.31%,544,2,60,6,612,8
Census Tract 8194,Cook County,Illinois,1.22%,978,9,153,5,1145,14
Census Tract 8195,Cook County,Illinois,1.21%,564,5,87,3,659,8
Census Tract 8196,Cook County,Illinois,0.10%,975,1,32,0,1008,1
Census Tract 8197,Cook County,Illinois,0.33%,1473,3,26,2,1504,5
Census Tract 8198.01,Cook County,Illinois,0.15%,1298,0,29,2,1329,2
Census Tract 8198.02,Cook County,Illinois,0.15%,670,0,16,1,687,1
Census Tract 8199,Cook County,Illinois,0.00%,873,0,13,0,886,0
Census Tract 8200,Cook County,Illinois,0.19%,511,1,12,0,524,1
Census Tract 8201.01,Cook County,Illinois,0.22%,1759,2,73,2,1836,4
Census Tract 8201.03,Cook County,Illinois,0.78%,825,7,69,0,901,7
Census Tract 8201.04,Cook County,Illinois,0.64%,819,6,108,0,933,6
Census Tract 8202.02,Cook County,Illinois,2.06%,553,7,66,6,632,13
Census Tract 8202.03,Cook County,Illinois,0.38%,1011,3,31,1,1046,4
Census Tract 8202.04,Cook County,Illinois,1.06%,963,6,66,5,1040,11
Census Tract 8203,Cook County,Illinois,1.14%,802,11,156,0,969,11
Census Tract 8204,Cook County,Illinois,2.10%,693,12,146,6,857,18
Census Tract 8205.01,Cook County,Illinois,0.48%,1132,5,102,1,1240,6
Census Tract 8205.02,Cook County,Illinois,0.64%,837,2,92,4,935,6
Census Tract 8206.03,Cook County,Illinois,2.01%,872,10,154,11,1047,21
Census Tract 8206.04,Cook County,Illinois,1.00%,597,2,96,5,700,7
Census Tract 8206.05,Cook County,Illinois,0.91%,496,3,154,3,656,6
Census Tract 8206.06,Cook County,Illinois,1.51%,755,10,91,3,859,13
Census Tract 8207,Cook County,Illinois,1.47%,1117,8,157,11,1293,19
Census Tract 8208,Cook County,Illinois,1.78%,536,6,71,5,618,11
Census Tract 8209.01,Cook County,Illinois,0.73%,993,2,97,6,1098,8
Census Tract 8209.02,Cook County,Illinois,0.54%,828,5,89,0,922,5
Census Tract 8210.01,Cook County,Illinois,0.59%,940,2,79,4,1025,6
Census Tract 8210.02,Cook County,Illinois,0.18%,1045,2,90,0,1137,2
Census Tract 8211.01,Cook County,Illinois,1.40%,836,10,80,3,929,13
Census Tract 8211.02,Cook County,Illinois,0.63%,744,2,50,3,799,5
Census Tract 8212,Cook County,Illinois,1.11%,571,5,144,3,723,8
Census Tract 8213,Cook County,Illinois,1.59%,564,5,179,7,755,12
Census Tract 8214.01,Cook County,Illinois,1.47%,277,3,59,2,341,5
Census Tract 8214.02,Cook County,Illinois,0.94%,357,1,63,3,424,4
Census Tract 8215,Cook County,Illinois,2.56%,82,0,32,3,117,3
Census Tract 8216,Cook County,Illinois,1.99%,686,14,102,2,804,16
Census Tract 8217,Cook County,Illinois,1.19%,912,4,81,8,1005,12
Census Tract 8218,Cook County,Illinois,1.04%,941,7,107,4,1059,11
Census Tract 8219,Cook County,Illinois,0.70%,901,5,94,2,1002,7
Census Tract 8220,Cook County,Illinois,1.40%,628,4,145,7,784,11
Census Tract 8221.01,Cook County,Illinois,0.52%,866,1,90,4,961,5
Census Tract 8221.02,Cook County,Illinois,1.29%,668,4,99,6,777,10
Census Tract 8222,Cook County,Illinois,0.50%,718,2,72,2,794,4
Census Tract 8223.01,Cook County,Illinois,0.37%,742,2,69,1,814,3
Census Tract 8223.02,Cook County,Illinois,0.84%,758,4,68,3,833,7
Census Tract 8224,Cook County,Illinois,0.87%,1141,4,111,7,1263,11
Census Tract 8225,Cook County,Illinois,1.08%,826,4,88,6,924,10
Census Tract 8226.01,Cook County,Illinois,0.38%,967,2,69,2,1040,4
Census Tract 8226.02,Cook County,Illinois,0.28%,1313,3,107,1,1424,4
Census Tract 8227.01,Cook County,Illinois,1.42%,655,5,111,6,777,11
Census Tract 8227.02,Cook County,Illinois,0.54%,673,3,70,1,747,4
Census Tract 8228.01,Cook County,Illinois,0.16%,583,0,52,1,636,1
Census Tract 8228.02,Cook County,Illinois,0.38%,736,2,49,1,788,3
Census Tract 8229,Cook County,Illinois,0.95%,387,3,32,1,423,4
Census Tract 8230.01,Cook County,Illinois,1.18%,940,4,152,9,1105,13
Census Tract 8230.02,Cook County,Illinois,0.42%,1054,2,126,3,1185,5
Census Tract 8231.01,Cook County,Illinois,1.71%,740,8,124,7,879,15
Census Tract 8231.02,Cook County,Illinois,1.10%,625,5,93,3,726,8
Census Tract 8232,Cook County,Illinois,0.20%,891,2,99,0,992,2
Census Tract 8233.02,Cook County,Illinois,0.96%,766,5,167,4,942,9
Census Tract 8233.03,Cook County,Illinois,1.84%,729,6,124,10,869,16
Census Tract 8233.04,Cook County,Illinois,0.77%,844,6,186,2,1038,8
Census Tract 8234,Cook County,Illinois,1.82%,658,9,99,5,771,14
Census Tract 8235,Cook County,Illinois,1.58%,587,3,100,8,698,11
Census Tract 8236.02,Cook County,Illinois,0.89%,1080,7,139,4,1230,11
Census Tract 8236.03,Cook County,Illinois,1.96%,257,3,43,3,306,6
Census Tract 8236.04,Cook County,Illinois,0.32%,889,1,43,2,935,3
Census Tract 8236.05,Cook County,Illinois,1.03%,874,8,88,2,972,10
Census Tract 8237.02,Cook County,Illinois,1.50%,1266,7,174,15,1462,22
Census Tract 8237.03,Cook County,Illinois,1.09%,1482,11,146,7,1646,18
Census Tract 8237.04,Cook County,Illinois,0.84%,900,4,40,4,948,8
Census Tract 8237.05,Cook County,Illinois,0.31%,875,3,76,0,954,3
Census Tract 8238.01,Cook County,Illinois,0.70%,1361,4,51,6,1422,10
Census Tract 8238.03,Cook County,Illinois,0.59%,1418,7,101,2,1528,9
Census Tract 8238.05,Cook County,Illinois,1.31%,526,2,75,6,609,8
Census Tract 8238.06,Cook County,Illinois,1.12%,613,3,92,5,713,8
Census Tract 8239.01,Cook County,Illinois,1.67%,834,12,51,3,900,15
Census Tract 8239.03,Cook County,Illinois,0.86%,1096,4,52,6,1158,10
Census Tract 8239.04,Cook County,Illinois,1.15%,978,7,54,5,1044,12
Census Tract 8240.03,Cook County,Illinois,0.38%,1492,4,93,2,1591,6
Census Tract 8240.04,Cook County,Illinois,0.59%,1096,7,86,0,1189,7
Census Tract 8240.05,Cook County,Illinois,0.34%,1381,3,86,2,1472,5
Census Tract 8240.06,Cook County,Illinois,0.37%,1281,5,49,0,1335,5
Census Tract 8241.05,Cook County,Illinois,0.58%,1625,6,96,4,1731,10
Census Tract 8241.06,Cook County,Illinois,0.48%,1576,8,92,0,1676,8
Census Tract 8241.07,Cook County,Illinois,0.45%,1460,3,81,4,1548,7
Census Tract 8241.13,Cook County,Illinois,0.37%,1563,4,49,2,1618,6
Census Tract 8241.14,Cook County,Illinois,0.31%,1236,2,58,2,1298,4
Census Tract 8241.15,Cook County,Illinois,0.73%,745,5,66,1,817,6
Census Tract 8241.16,Cook County,Illinois,1.86%,924,14,134,6,1078,20
Census Tract 8241.19,Cook County,Illinois,0.51%,1310,7,69,0,1386,7
Census Tract 8241.21,Cook County,Illinois,0.92%,707,6,48,1,762,7
Census Tract 8241.22,Cook County,Illinois,0.25%,1490,1,78,3,1572,4
Census Tract 8241.23,Cook County,Illinois,0.46%,1562,5,155,3,1725,8
Census Tract 8241.24,Cook County,Illinois,0.56%,658,3,54,1,716,4
Census Tract 8241.25,Cook County,Illinois,0.74%,867,6,71,1,945,7
Census Tract 8241.26,Cook County,Illinois,0.27%,1415,3,65,1,1484,4
Census Tract 8241.27,Cook County,Illinois,0.42%,895,4,57,0,956,4
Census Tract 8241.28,Cook County,Illinois,0.35%,1109,2,41,2,1154,4
Census Tract 8241.29,Cook County,Illinois,0.96%,976,5,54,5,1040,10
Census Tract 8243,Cook County,Illinois,1.36%,347,3,87,3,440,6
Census Tract 8244,Cook County,Illinois,2.40%,251,6,34,1,292,7
Census Tract 8245.03,Cook County,Illinois,0.79%,1350,6,154,6,1516,12
Census Tract 8245.05,Cook County,Illinois,0.70%,1282,6,146,4,1438,10
Census Tract 8245.07,Cook County,Illinois,0.89%,807,6,82,2,897,8
Census Tract 8245.08,Cook County,Illinois,0.26%,697,0,69,2,768,2
Census Tract 8245.09,Cook County,Illinois,1.03%,906,5,56,5,972,10
Census Tract 8246.01,Cook County,Illinois,0.53%,839,2,106,3,950,5
Census Tract 8246.02,Cook County,Illinois,1.16%,1109,7,171,8,1295,15
Census Tract 8247.01,Cook County,Illinois,1.00%,608,5,86,2,701,7
Census Tract 8247.02,Cook County,Illinois,1.72%,834,11,136,6,987,17
Census Tract 8248,Cook County,Illinois,1.34%,1032,11,144,5,1192,16
Census Tract 8249,Cook County,Illinois,1.03%,421,2,59,3,485,5
Census Tract 8250,Cook County,Illinois,1.80%,832,8,149,10,999,18
Census Tract 8252,Cook County,Illinois,0.00%,394,0,36,0,430,0
Census Tract 8253.02,Cook County,Illinois,0.62%,1118,6,172,2,1298,8
Census Tract 8253.03,Cook County,Illinois,1.14%,668,7,113,2,790,9
Census Tract 8253.04,Cook County,Illinois,0.80%,790,6,73,1,870,7
Census Tract 8254,Cook County,Illinois,0.62%,969,5,149,2,1125,7
Census Tract 8255.01,Cook County,Illinois,1.79%,567,11,91,1,670,12
Census Tract 8255.03,Cook County,Illinois,0.81%,879,4,100,4,987,8
Census Tract 8255.04,Cook County,Illinois,2.64%,386,6,57,6,455,12
Census Tract 8255.05,Cook County,Illinois,0.75%,710,5,81,1,797,6
Census Tract 8256,Cook County,Illinois,1.87%,519,7,112,5,643,12
Census Tract 8257,Cook County,Illinois,1.66%,442,5,90,4,541,9
Census Tract 8258.01,Cook County,Illinois,3.80%,263,5,117,10,395,15
Census Tract 8258.02,Cook County,Illinois,0.73%,685,3,131,3,822,6
Census Tract 8258.03,Cook County,Illinois,0.95%,601,4,126,3,734,7
Census Tract 8259,Cook County,Illinois,0.22%,386,0,70,1,457,1
Census Tract 8260,Cook County,Illinois,1.21%,259,4,67,0,330,4
Census Tract 8261,Cook County,Illinois,1.83%,663,5,142,10,820,15
Census Tract 8262.01,Cook County,Illinois,1.05%,301,1,76,3,381,4
Census Tract 8262.02,Cook County,Illinois,1.56%,628,7,131,5,771,12
Census Tract 8263.01,Cook County,Illinois,0.96%,436,4,80,1,521,5
Census Tract 8263.03,Cook County,Illinois,0.17%,508,0,75,1,584,1
Census Tract 8263.04,Cook County,Illinois,0.58%,271,1,70,1,343,2
Census Tract 8264.01,Cook County,Illinois,2.85%,374,5,69,8,456,13
Census Tract 8264.02,Cook County,Illinois,3.23%,519,13,110,8,650,21
Census Tract 8265,Cook County,Illinois,0.91%,533,4,123,2,662,6
Census Tract 8266,Cook County,Illinois,1.97%,394,1,103,9,507,10
Census Tract 8267,Cook County,Illinois,2.09%,357,6,158,5,526,11
Census Tract 8268,Cook County,Illinois,2.07%,471,3,145,10,629,13
Census Tract 8269.01,Cook County,Illinois,2.19%,96,2,38,1,137,3
Census Tract 8269.02,Cook County,Illinois,2.76%,112,4,29,0,145,4
Census Tract 8270,Cook County,Illinois,1.22%,250,2,74,2,328,4
Census Tract 8271,Cook County,Illinois,2.12%,183,1,48,4,236,5
Census Tract 8272,Cook County,Illinois,0.63%,402,1,74,2,479,3
Census Tract 8273,Cook County,Illinois,2.37%,200,2,47,4,253,6
Census Tract 8274,Cook County,Illinois,3.68%,225,8,63,3,299,11
Census Tract 8275,Cook County,Illinois,1.46%,511,4,97,5,617,9
Census Tract 8276,Cook County,Illinois,3.89%,217,5,55,6,283,11
Census Tract 8277,Cook County,Illinois,1.19%,186,3,64,0,253,3
Census Tract 8278.01,Cook County,Illinois,0.45%,592,3,70,0,665,3
Census Tract 8278.02,Cook County,Illinois,0.94%,472,4,53,1,530,5
Census Tract 8278.04,Cook County,Illinois,1.34%,479,4,35,3,521,7
Census Tract 8278.05,Cook County,Illinois,0.20%,461,1,42,0,504,1
Census Tract 8279.01,Cook County,Illinois,0.63%,438,3,32,0,473,3
Census Tract 8279.02,Cook County,Illinois,0.71%,549,1,147,4,701,5
Census Tract 8280,Cook County,Illinois,0.47%,738,1,102,3,844,4
Census Tract 8281,Cook County,Illinois,1.46%,775,6,102,7,890,13
Census Tract 8282.01,Cook County,Illinois,1.12%,622,5,85,3,715,8
Census Tract 8282.02,Cook County,Illinois,1.06%,657,7,90,1,755,8
Census Tract 8283,Cook County,Illinois,3.04%,483,13,91,5,592,18
Census Tract 8284.01,Cook County,Illinois,1.33%,598,3,71,6,678,9
Census Tract 8284.02,Cook County,Illinois,0.67%,519,3,73,1,596,4
Census Tract 8285.03,Cook County,Illinois,1.12%,417,3,114,3,537,6
Census Tract 8285.04,Cook County,Illinois,0.95%,616,6,116,1,739,7
Census Tract 8285.05,Cook County,Illinois,0.90%,1215,7,113,5,1340,12
Census Tract 8285.07,Cook County,Illinois,0.97%,651,5,65,2,723,7
Census Tract 8285.08,Cook County,Illinois,1.10%,506,3,121,4,634,7
Census Tract 8286.01,Cook County,Illinois,1.01%,815,6,70,3,894,9
Census Tract 8286.02,Cook County,Illinois,1.14%,820,7,49,3,879,10
Census Tract 8287.01,Cook County,Illinois,1.27%,474,6,71,1,552,7
Census Tract 8287.02,Cook County,Illinois,0.55%,633,2,90,2,727,4
Census Tract 8288.01,Cook County,Illinois,1.58%,911,11,83,5,1010,16
Census Tract 8288.02,Cook County,Illinois,0.98%,452,3,52,2,509,5
Census Tract 8289,Cook County,Illinois,1.66%,379,2,95,6,482,8
Census Tract 8290,Cook County,Illinois,0.00%,36,0,24,0,60,0
Census Tract 8291,Cook County,Illinois,1.05%,378,2,94,3,477,5
Census Tract 8292,Cook County,Illinois,2.16%,672,11,143,7,833,18
Census Tract 8293.01,Cook County,Illinois,0.71%,624,4,75,1,704,5
Census Tract 8293.02,Cook County,Illinois,2.11%,280,7,92,1,380,8
Census Tract 8294.01,Cook County,Illinois,3.81%,77,0,24,4,105,4
Census Tract 8294.02,Cook County,Illinois,2.63%,316,2,54,8,380,10
Census Tract 8295,Cook County,Illinois,1.56%,582,8,110,3,703,11
Census Tract 8296,Cook County,Illinois,0.86%,486,4,93,1,584,5
Census Tract 8297,Cook County,Illinois,1.82%,436,8,49,1,494,9
Census Tract 8298,Cook County,Illinois,1.41%,1316,13,87,7,1423,20
Census Tract 8299.02,Cook County,Illinois,1.06%,950,5,79,6,1040,11
Census Tract 8299.03,Cook County,Illinois,1.90%,533,8,88,4,633,12
Census Tract 8299.04,Cook County,Illinois,1.90%,752,7,75,9,843,16
Census Tract 8300.01,Cook County,Illinois,0.69%,366,3,66,0,435,3
Census Tract 8300.03,Cook County,Illinois,0.54%,1174,4,124,3,1305,7
Census Tract 8300.04,Cook County,Illinois,1.12%,1217,10,110,5,1342,15
Census Tract 8300.05,Cook County,Illinois,1.66%,726,6,43,7,782,13
Census Tract 8300.06,Cook County,Illinois,1.11%,310,2,45,2,359,4
Census Tract 8300.07,Cook County,Illinois,2.32%,458,9,89,4,560,13
Census Tract 8300.08,Cook County,Illinois,0.52%,691,2,79,2,774,4
Census Tract 8301,Cook County,Illinois,1.15%,461,1,53,5,520,6
Census Tract 8302.01,Cook County,Illinois,1.73%,547,3,134,9,693,12
Census Tract 8302.02,Cook County,Illinois,2.18%,404,8,45,2,459,10
Census Tract 8303,Cook County,Illinois,2.10%,490,7,164,7,668,14
Census Tract 8304,Cook County,Illinois,3.78%,438,14,96,7,555,21
Census Tract 8305,Cook County,Illinois,1.90%,630,10,93,4,737,14
Census Tract 8306,Cook County,Illinois,13.96%,562,68,159,49,838,117
Census Tract 8307,Cook County,Illinois,20.00%,349,55,159,72,635,127
Census Tract 8308,Cook County,Illinois,5.98%,309,10,163,20,502,30
Census Tract 8309,Cook County,Illinois,4.52%,493,18,140,12,663,30
Census Tract 8310,Cook County,Illinois,3.74%,516,13,154,13,696,26
Census Tract 8311,Cook County,Illinois,3.29%,942,29,291,13,1275,42
Census Tract 8312,Cook County,Illinois,1.84%,588,11,106,2,707,13
Census Tract 8313,Cook County,Illinois,4.35%,142,5,34,3,184,8
Census Tract 8314,Cook County,Illinois,0.95%,236,1,76,2,315,3
Census Tract 8315,Cook County,Illinois,1.75%,624,9,106,4,743,13
Census Tract 8316,Cook County,Illinois,1.70%,1059,11,156,10,1236,21
Census Tract 8317,Cook County,Illinois,3.48%,356,9,60,6,431,15
Census Tract 8318,Cook County,Illinois,2.18%,959,10,117,14,1100,24
Census Tract 8319,Cook County,Illinois,3.16%,448,12,195,9,664,21
Census Tract 8320,Cook County,Illinois,14.25%,212,33,113,21,379,54
Census Tract 8321,Cook County,Illinois,11.97%,331,26,191,45,593,71
Census Tract 8322,Cook County,Illinois,4.83%,497,21,193,14,725,35
Census Tract 8323,Cook County,Illinois,3.15%,349,13,112,2,476,15
Census Tract 8324,Cook County,Illinois,3.83%,563,13,215,18,809,31
Census Tract 8325,Cook County,Illinois,2.32%,549,11,83,4,647,15
Census Tract 8326,Cook County,Illinois,3.16%,716,12,174,17,919,29
Census Tract 8329,Cook County,Illinois,3.85%,220,8,55,3,286,11
Census Tract 8330,Cook County,Illinois,3.82%,871,29,440,23,1363,52
Census Tract 8331,Cook County,Illinois,2.66%,1645,33,584,28,2290,61
Census Tract 8333,Cook County,Illinois,3.50%,321,11,92,4,428,15
Census Tract 8339,Cook County,Illinois,4.33%,189,2,76,10,277,12
Census Tract 8340,Cook County,Illinois,4.87%,200,9,93,6,308,15
Census Tract 8342,Cook County,Illinois,4.05%,336,9,114,10,469,19
Census Tract 8343,Cook County,Illinois,2.12%,560,5,132,10,707,15
Census Tract 8344,Cook County,Illinois,5.50%,314,12,81,11,418,23
Census Tract 8345,Cook County,Illinois,3.91%,66,3,57,2,128,5
Census Tract 8346,Cook County,Illinois,3.52%,135,3,57,4,199,7
Census Tract 8347,Cook County,Illinois,6.25%,90,4,45,5,144,9
Census Tract 8348,Cook County,Illinois,6.96%,75,3,32,5,115,8
Census Tract 8349,Cook County,Illinois,1.72%,63,2,51,0,116,2
Census Tract 8350,Cook County,Illinois,1.28%,601,9,173,1,784,10
Census Tract 8351,Cook County,Illinois,1.86%,616,10,123,4,753,14
Census Tract 8352,Cook County,Illinois,1.51%,276,3,50,2,331,5
Census Tract 8355,Cook County,Illinois,3.33%,105,3,40,2,150,5
Census Tract 8356,Cook County,Illinois,2.70%,42,1,30,1,74,2
Census Tract 8358,Cook County,Illinois,6.60%,134,5,64,9,212,14
Census Tract 8360,Cook County,Illinois,6.07%,201,11,62,6,280,17
Census Tract 8361,Cook County,Illinois,5.52%,88,4,49,4,145,8
Census Tract 8362,Cook County,Illinois,5.17%,47,3,8,0,58,3
Census Tract 8363,Cook County,Illinois,2.62%,137,3,49,2,191,5
Census Tract 8364,Cook County,Illinois,7.32%,285,18,82,11,396,29
Census Tract 8365,Cook County,Illinois,6.20%,88,2,33,6,129,8
Census Tract 8366,Cook County,Illinois,7.25%,248,9,123,20,400,29
Census Tract 8367,Cook County,Illinois,3.88%,116,4,82,4,206,8
Census Tract 8368,Cook County,Illinois,3.91%,125,5,96,4,230,9
Census Tract 8369,Cook County,Illinois,6.45%,108,3,37,7,155,10
Census Tract 8370,Cook County,Illinois,4.32%,133,1,44,7,185,8
Census Tract 8371,Cook County,Illinois,5.33%,109,3,51,6,169,9
Census Tract 8373,Cook County,Illinois,3.03%,116,0,44,5,165,5
Census Tract 8374,Cook County,Illinois,0.00%,130,0,53,0,183,0
Census Tract 8378,Cook County,Illinois,4.23%,193,6,79,6,284,12
Census Tract 8380,Cook County,Illinois,6.12%,187,9,89,9,294,18
Census Tract 8381,Cook County,Illinois,3.26%,141,2,67,5,215,7
Census Tract 8382,Cook County,Illinois,4.35%,111,3,21,3,138,6
Census Tract 8383,Cook County,Illinois,4.07%,243,3,205,16,467,19
Census Tract 8386,Cook County,Illinois,4.40%,57,1,30,3,91,4
Census Tract 8387,Cook County,Illinois,2.82%,198,3,112,6,319,9
Census Tract 8388,Cook County,Illinois,2.62%,274,5,60,4,343,9
Census Tract 8390,Cook County,Illinois,6.00%,1511,63,668,76,2318,139
Census Tract 8391,Cook County,Illinois,6.81%,828,40,376,48,1292,88
Census Tract 8392,Cook County,Illinois,5.38%,228,6,71,11,316,17
Census Tract 8395,Cook County,Illinois,1.90%,170,3,37,1,211,4
Census Tract 8396,Cook County,Illinois,5.80%,170,6,41,7,224,13
Census Tract 8397,Cook County,Illinois,3.24%,659,13,148,14,834,27
Census Tract 8398,Cook County,Illinois,1.18%,394,4,108,2,508,6
Census Tract 8399,Cook County,Illinois,1.97%,754,15,142,3,914,18
Census Tract 8400,Cook County,Illinois,0.79%,558,3,72,2,635,5
Census Tract 8401,Cook County,Illinois,1.51%,480,4,43,4,531,8
Census Tract 8402,Cook County,Illinois,0.46%,409,0,27,2,438,2
Census Tract 8403,Cook County,Illinois,1.60%,651,11,89,1,752,12
Census Tract 8404,Cook County,Illinois,3.03%,524,11,84,8,627,19
Census Tract 8407,Cook County,Illinois,5.56%,426,15,135,18,594,33
Census Tract 8408,Cook County,Illinois,0.58%,424,1,90,2,517,3
Census Tract 8410,Cook County,Illinois,4.17%,147,7,60,2,216,9
Census Tract 8411,Cook County,Illinois,1.66%,1220,18,82,4,1324,22
Census Tract 8412,Cook County,Illinois,5.01%,578,15,200,26,819,41
Census Tract 8413,Cook County,Illinois,3.37%,532,8,157,16,713,24
Census Tract 8415,Cook County,Illinois,9.45%,110,8,72,11,201,19
Census Tract 8417,Cook County,Illinois,5.06%,115,4,35,4,158,8
Census Tract 8418,Cook County,Illinois,4.52%,141,5,49,4,199,9
Census Tract 8419,Cook County,Illinois,3.09%,606,8,178,17,809,25
Census Tract 8420,Cook County,Illinois,4.61%,130,2,15,5,152,7
Census Tract 8421,Cook County,Illinois,1.65%,618,8,217,6,849,14
Census Tract 8422,Cook County,Illinois,4.04%,511,11,273,22,817,33
Census Tract 8423,Cook County,Illinois,3.63%,547,17,197,11,772,28
Census Tract 8424,Cook County,Illinois,3.27%,257,6,68,5,336,11
Census Tract 8425,Cook County,Illinois,2.19%,59,1,75,2,137,3
Census Tract 8426,Cook County,Illinois,1.61%,596,10,137,2,745,12
Census Tract 8428,Cook County,Illinois,1.87%,963,10,192,12,1177,22
Census Tract 8429,Cook County,Illinois,4.63%,149,3,57,7,216,10
Census Tract 8430,Cook County,Illinois,4.55%,115,5,74,4,198,9
Census Tract 8431,Cook County,Illinois,2.36%,83,1,41,2,127,3
Census Tract 8432,Cook County,Illinois,1.55%,316,2,65,4,387,6
Census Tract 8433,Cook County,Illinois,5.88%,100,2,28,6,136,8
Census Tract 8434,Cook County,Illinois,2.82%,121,3,51,2,177,5
Census Tract 8435,Cook County,Illinois,6.29%,126,8,38,3,175,11
Census Tract 8436,Cook County,Illinois,4.14%,252,10,72,4,338,14
Census Tract 8437,Cook County,Illinois,2.75%,458,12,73,3,546,15
Census Tract 8438,Cook County,Illinois,2.95%,178,4,52,3,237,7
Census Tract 8439,Cook County,Illinois,6.31%,226,9,86,12,333,21
Census Tract 8446,Cook County,Illinois,2.90%,79,0,55,4,138,4
Census Tract 8447,Cook County,Illinois,2.87%,134,0,69,6,209,6
Census Tract 9800,Cook County,Illinois,0.00%,0,0,0,0,0,0
Census Tract 9801,Cook County,Illinois,0.00%,1,0,0,0,1,0
Census Tract 9900,Cook County,Illinois,0.00%,0,0,0,0,0,0